-- MySQL dump 10.13  Distrib 8.0.40, for Win64 (x86_64)
--
-- Host: localhost    Database: archdb
-- ------------------------------------------------------
-- Server version	8.0.40

/*!40101 SET @OLD_CHARACTER_SET_CLIENT=@@CHARACTER_SET_CLIENT */;
/*!40101 SET @OLD_CHARACTER_SET_RESULTS=@@CHARACTER_SET_RESULTS */;
/*!40101 SET @OLD_COLLATION_CONNECTION=@@COLLATION_CONNECTION */;
/*!50503 SET NAMES utf8mb4 */;
/*!40103 SET @OLD_TIME_ZONE=@@TIME_ZONE */;
/*!40103 SET TIME_ZONE='+00:00' */;
/*!40014 SET @OLD_UNIQUE_CHECKS=@@UNIQUE_CHECKS, UNIQUE_CHECKS=0 */;
/*!40014 SET @OLD_FOREIGN_KEY_CHECKS=@@FOREIGN_KEY_CHECKS, FOREIGN_KEY_CHECKS=0 */;
/*!40101 SET @OLD_SQL_MODE=@@SQL_MODE, SQL_MODE='NO_AUTO_VALUE_ON_ZERO' */;
/*!40111 SET @OLD_SQL_NOTES=@@SQL_NOTES, SQL_NOTES=0 */;

--
-- Table structure for table `adminauth`
--

DROP TABLE IF EXISTS `adminauth`;
/*!40101 SET @saved_cs_client     = @@character_set_client */;
/*!50503 SET character_set_client = utf8mb4 */;
CREATE TABLE `adminauth` (
  `adm_id` int NOT NULL AUTO_INCREMENT,
  `name` varchar(80) DEFAULT NULL,
  `email` varchar(80) DEFAULT NULL,
  `password` varchar(255) DEFAULT NULL,
  `role` varchar(10) DEFAULT 'admin',
  PRIMARY KEY (`adm_id`)
) ENGINE=InnoDB AUTO_INCREMENT=4 DEFAULT CHARSET=utf8mb4 COLLATE=utf8mb4_0900_ai_ci;
/*!40101 SET character_set_client = @saved_cs_client */;

--
-- Dumping data for table `adminauth`
--

LOCK TABLES `adminauth` WRITE;
/*!40000 ALTER TABLE `adminauth` DISABLE KEYS */;
INSERT INTO `adminauth` VALUES (1,'msi','msi@gmail.com','77ee3625f508f3051360327fb67668b2ba769f13f56599bb45a4a923bb850c49','admin'),(2,'Ebah Admin','ebahconsultancy@gmail.com','d4bdabc3fb157168245dbbb4c0a6ca1aec159d74d05345669abed869a9e48555','admin'),(3,'Ebah CA','ebah.ca@gmail.com','8e7ab890c2fcd0abffbdfe2741381cbd0cc75a8549478efe9e7bb79e6f1536bb','ca');
/*!40000 ALTER TABLE `adminauth` ENABLE KEYS */;
UNLOCK TABLES;

--
-- Table structure for table `amount_split`
--

DROP TABLE IF EXISTS `amount_split`;
/*!40101 SET @saved_cs_client     = @@character_set_client */;
/*!50503 SET character_set_client = utf8mb4 */;
CREATE TABLE `amount_split` (
  `cid` int NOT NULL AUTO_INCREMENT,
  `splitvalue` varchar(100) DEFAULT NULL,
  PRIMARY KEY (`cid`)
) ENGINE=InnoDB AUTO_INCREMENT=24 DEFAULT CHARSET=utf8mb4 COLLATE=utf8mb4_0900_ai_ci;
/*!40101 SET character_set_client = @saved_cs_client */;

--
-- Dumping data for table `amount_split`
--

LOCK TABLES `amount_split` WRITE;
/*!40000 ALTER TABLE `amount_split` DISABLE KEYS */;
INSERT INTO `amount_split` VALUES (21,'5:5:0'),(22,'4:4:2'),(23,'8:2:0');
/*!40000 ALTER TABLE `amount_split` ENABLE KEYS */;
UNLOCK TABLES;

--
-- Table structure for table `deals`
--

DROP TABLE IF EXISTS `deals`;
/*!40101 SET @saved_cs_client     = @@character_set_client */;
/*!50503 SET character_set_client = utf8mb4 */;
CREATE TABLE `deals` (
  `id` bigint NOT NULL AUTO_INCREMENT,
  `deal_name` varchar(200) DEFAULT NULL,
  `reference_no` varchar(20) DEFAULT NULL,
  `contact` varchar(20) DEFAULT NULL,
  `agreement_amount` int DEFAULT NULL,
  `work_name` varchar(300) DEFAULT NULL,
  `email` varchar(80) DEFAULT NULL,
  `city` varchar(50) DEFAULT NULL,
  `total_price` int DEFAULT NULL,
  `np_deadline` varchar(30) DEFAULT NULL,
  `split` varchar(100) DEFAULT NULL,
  PRIMARY KEY (`id`)
) ENGINE=InnoDB AUTO_INCREMENT=358 DEFAULT CHARSET=utf8mb4 COLLATE=utf8mb4_0900_ai_ci;
/*!40101 SET character_set_client = @saved_cs_client */;

--
-- Dumping data for table `deals`
--

LOCK TABLES `deals` WRITE;
/*!40000 ALTER TABLE `deals` DISABLE KEYS */;
INSERT INTO `deals` VALUES (341,'Rohit Bharali','228','8473905440',0,'Proposed First Floor Plan & Exterior View','NA','Six Mile, Guwahati',18000,'21/12/2024','5:5:0'),(342,'Niva Kakati','229','7002163729',0,'Proposed G+1 Residential Building','NA','Raha, Nagaon ( Assam )',25000,'23/12/2024','4:4:2'),(343,'Amulya Debnath','226','7002659850',0,'Proposed G+2 Residential Building','NA','Lawkhuwa Road, Nagaon (Assam )',30000,'13/12/2024','4:4:2'),(344,'Rahul Hazarika','225','7002778094',10000,'Proposed First Floor Plan & Exterior View','NA','Morikolong Borghat, Nagaon (Assam )',30000,'09/12/2024','5:5:0'),(345,'Rana Sabakat','224','8011821503',10000,'Proposed G+2 Residential Building','NA','Rangagara, Nagaon ( Assam )',30000,'06/12/2024','4:4:2'),(346,'Pamir Rajbanshi','223','8638559002',0,'Proposed G+2 Residential Building','NA','Raha, Nagaon ( Assam )',25000,'05/12/2024','4:4:2'),(348,'ADP College','222','NA',2050,'Proposed Floor Plan of the block A, B, C, D ','NA','Nagaon, (Assam)',41000,'27/11/2024','5:5:0'),(349,'Pradip Ch. Saha','221','9101014626',0,'Proposed G+2 Residential Building','NA','Footmart Lanka Nagaon, (Assam)',30000,'25/11/2024','4:4:2'),(351,'Lakhyajit Sharma','219','8099036834',7500,'G+1 R.C.C Residential Building','NA','Borachuk, Puranigudam, Nagaon (Assam )',15000,'22/1/2024','5:5:0'),(355,'msi','56458',NULL,5648,NULL,'msi@gmail.com',NULL,56120,'12/09/325','5:5:0'),(357,'msi2','94010',NULL,15000,NULL,'msi@gmail.com',NULL,3000,'12/05/2025','4:4:2');
/*!40000 ALTER TABLE `deals` ENABLE KEYS */;
UNLOCK TABLES;

--
-- Table structure for table `emp_task_notify`
--

DROP TABLE IF EXISTS `emp_task_notify`;
/*!40101 SET @saved_cs_client     = @@character_set_client */;
/*!50503 SET character_set_client = utf8mb4 */;
CREATE TABLE `emp_task_notify` (
  `notid` bigint NOT NULL AUTO_INCREMENT,
  `emid` int DEFAULT NULL,
  `title` varchar(255) DEFAULT NULL,
  `dateofnotify` varchar(50) DEFAULT '0',
  `status` varchar(20) DEFAULT 'unread',
  PRIMARY KEY (`notid`),
  UNIQUE KEY `title` (`title`),
  KEY `emid` (`emid`)
) ENGINE=InnoDB AUTO_INCREMENT=135 DEFAULT CHARSET=utf8mb4 COLLATE=utf8mb4_0900_ai_ci;
/*!40101 SET character_set_client = @saved_cs_client */;

--
-- Dumping data for table `emp_task_notify`
--

LOCK TABLES `emp_task_notify` WRITE;
/*!40000 ALTER TABLE `emp_task_notify` DISABLE KEYS */;
INSERT INTO `emp_task_notify` VALUES (114,21,'You have been assigned to a new project with ref no. 228 on Mon Dec 23 2024 13:33:32 GMT+0530 (India Standard Time)','20/02/2023','unread'),(115,29,'You have been assigned to a new project with ref no. 228 on Mon Dec 23 2024 13:33:42 GMT+0530 (India Standard Time)','20/02/2023','unread'),(116,20,'You have been assigned to a new project with ref no. 228 on Mon Dec 23 2024 13:43:53 GMT+0530 (India Standard Time)','20/02/2023','read'),(117,21,'You have been removed from a project with ref no. 228 on Mon Dec 23 2024 13:43:59 GMT 0530 (India Standard Time)','12/23/2024','unread'),(118,20,'You have been removed from a project with ref no. 228 on Mon Dec 23 2024 13:44:34 GMT 0530 (India Standard Time)','12/23/2024','read'),(119,21,'You have been assigned to a new project with ref no. 228 on Mon Dec 23 2024 13:44:39 GMT+0530 (India Standard Time)','20/02/2023','unread'),(120,23,'You have been assigned to a new Miscallaneous project with ref no. 227 on Tue Dec 24 2024 14:08:34 GMT+0530 (India Standard Time)','20/02/2023','read'),(121,26,'You have been assigned to a new Miscallaneous project with ref no. NA on Tue Dec 24 2024 15:00:31 GMT+0530 (India Standard Time)','20/02/2023','unread'),(122,21,'You have been assigned to a new project with ref no. 219 on Tue Dec 24 2024 15:05:37 GMT+0530 (India Standard Time)','20/02/2023','unread'),(123,29,'You have been assigned to a new project with ref no. 219 on Tue Dec 24 2024 15:06:04 GMT+0530 (India Standard Time)','20/02/2023','unread'),(124,30,'You have been assigned to a new project with ref no. 219 on Fri Jan 17 2025 21:30:40 GMT+0530 (India Standard Time)','20/02/2023','unread'),(125,30,'You have been removed from a project with ref no. 219 on Fri Jan 17 2025 21:30:54 GMT 0530 (India Standard Time)','17/01/2025','unread'),(126,23,'You have been assigned to a new project with ref no. 219 on Fri Jan 17 2025 22:07:04 GMT+0530 (India Standard Time)','20/02/2023','unread'),(127,23,'You have been removed from a project with ref no. 219 on Fri Jan 17 2025 22:07:42 GMT 0530 (India Standard Time)','17/01/2025','unread'),(128,22,'You have been assigned to a new project with ref no. \n                  219\n                 on Wed Jul 23 2025 11:42:54 GMT+0530 (India Standard Time)','20/02/2023','unread'),(129,22,'You have been removed from a project with ref no.                   219                 on Fri Jul 25 2025 14:16:00 GMT 0530 (India Standard Time)','7/25/2025','unread'),(130,22,'You have been assigned to a new project with ref no. \n                  219\n                 on Fri Jul 25 2025 14:16:06 GMT+0530 (India Standard Time)','20/02/2023','unread'),(131,21,'You have been assigned to a new Miscallaneous project with ref no. \n                  NA\n                 on Fri Jul 25 2025 14:22:22 GMT+0530 (India Standard Time)','20/02/2023','unread'),(132,21,'You have been removed from a Miscellaneous project with ref no.                   NA                 on Fri Jul 25 2025 14:22:30 GMT 0530 (India Standard Time)','7/25/2025','unread'),(133,22,'You have been removed from a project with ref no.                         219                       on Sat Aug 09 2025 16:58:07 GMT 0530 (India Standard Time)','9/8/2025','unread'),(134,22,'You have been removed from a project with ref no.                         219                       on Sat Aug 09 2025 16:58:11 GMT 0530 (India Standard Time)','9/8/2025','unread');
/*!40000 ALTER TABLE `emp_task_notify` ENABLE KEYS */;
UNLOCK TABLES;

--
-- Table structure for table `empattendance`
--

DROP TABLE IF EXISTS `empattendance`;
/*!40101 SET @saved_cs_client     = @@character_set_client */;
/*!50503 SET character_set_client = utf8mb4 */;
CREATE TABLE `empattendance` (
  `January` char(1) DEFAULT NULL,
  `February` char(1) DEFAULT NULL,
  `March` char(1) DEFAULT NULL,
  `April` char(1) DEFAULT NULL,
  `May` char(1) DEFAULT NULL,
  `June` char(1) DEFAULT NULL,
  `July` char(1) DEFAULT NULL,
  `August` char(1) DEFAULT NULL,
  `September` char(1) DEFAULT NULL,
  `October` char(1) DEFAULT NULL,
  `November` char(1) DEFAULT NULL,
  `December` char(1) DEFAULT NULL,
  `id` int NOT NULL AUTO_INCREMENT,
  `empID` int NOT NULL,
  `date` varchar(10) NOT NULL,
  `year` varchar(6) DEFAULT NULL,
  PRIMARY KEY (`id`)
) ENGINE=InnoDB AUTO_INCREMENT=900 DEFAULT CHARSET=utf8mb4 COLLATE=utf8mb4_0900_ai_ci;
/*!40101 SET character_set_client = @saved_cs_client */;

--
-- Dumping data for table `empattendance`
--

LOCK TABLES `empattendance` WRITE;
/*!40000 ALTER TABLE `empattendance` DISABLE KEYS */;
INSERT INTO `empattendance` VALUES (NULL,'P',NULL,NULL,NULL,NULL,NULL,NULL,NULL,NULL,NULL,NULL,528,20,'1','2025'),('P',NULL,NULL,NULL,NULL,NULL,NULL,NULL,NULL,NULL,NULL,NULL,529,20,'2','2025'),('P',NULL,NULL,NULL,NULL,NULL,NULL,NULL,NULL,NULL,NULL,NULL,530,20,'3','2025'),('P',NULL,NULL,NULL,NULL,NULL,NULL,NULL,NULL,NULL,NULL,NULL,531,20,'4','2025'),(NULL,NULL,NULL,NULL,NULL,NULL,NULL,NULL,NULL,NULL,NULL,NULL,532,20,'5',NULL),(NULL,NULL,NULL,NULL,NULL,NULL,NULL,NULL,NULL,NULL,NULL,NULL,533,20,'6',NULL),('P',NULL,NULL,NULL,NULL,NULL,NULL,NULL,NULL,NULL,NULL,NULL,534,20,'7','2025'),(NULL,NULL,NULL,NULL,NULL,NULL,NULL,NULL,NULL,NULL,NULL,NULL,535,20,'8',NULL),(NULL,NULL,NULL,NULL,NULL,NULL,NULL,NULL,NULL,NULL,NULL,NULL,536,20,'9',NULL),('P',NULL,'P',NULL,NULL,NULL,NULL,NULL,NULL,NULL,NULL,NULL,537,20,'10','2025'),(NULL,NULL,NULL,NULL,NULL,NULL,NULL,NULL,NULL,NULL,NULL,NULL,538,20,'11',NULL),(NULL,NULL,NULL,NULL,NULL,NULL,NULL,NULL,NULL,NULL,NULL,NULL,539,20,'12',NULL),(NULL,NULL,NULL,NULL,NULL,NULL,NULL,NULL,NULL,NULL,NULL,NULL,540,20,'13',NULL),(NULL,NULL,NULL,NULL,NULL,NULL,NULL,NULL,NULL,NULL,NULL,NULL,541,20,'14',NULL),('P',NULL,NULL,NULL,NULL,NULL,NULL,NULL,NULL,NULL,NULL,NULL,542,20,'15','2025'),(NULL,NULL,NULL,NULL,NULL,NULL,NULL,NULL,NULL,NULL,NULL,NULL,543,20,'16',NULL),(NULL,NULL,NULL,NULL,NULL,NULL,NULL,NULL,NULL,NULL,NULL,NULL,544,20,'17',NULL),(NULL,NULL,NULL,NULL,NULL,NULL,NULL,NULL,NULL,NULL,NULL,'P',545,20,'18','2024'),(NULL,NULL,NULL,NULL,NULL,NULL,NULL,NULL,NULL,NULL,NULL,NULL,546,20,'19',NULL),(NULL,NULL,NULL,NULL,NULL,NULL,NULL,NULL,NULL,NULL,NULL,NULL,547,20,'20',NULL),('P',NULL,NULL,NULL,NULL,NULL,NULL,NULL,NULL,NULL,NULL,NULL,548,20,'21','2025'),('P',NULL,NULL,NULL,NULL,NULL,NULL,NULL,NULL,NULL,NULL,NULL,549,20,'22','2025'),('P',NULL,NULL,NULL,NULL,NULL,NULL,NULL,NULL,NULL,NULL,'P',550,20,'23','2025'),(NULL,NULL,NULL,NULL,NULL,NULL,NULL,NULL,NULL,NULL,NULL,'P',551,20,'24','2024'),('P',NULL,NULL,NULL,NULL,NULL,NULL,NULL,NULL,NULL,NULL,NULL,552,20,'25','2025'),(NULL,NULL,NULL,NULL,NULL,NULL,NULL,NULL,NULL,NULL,NULL,NULL,553,20,'26',NULL),(NULL,NULL,NULL,NULL,NULL,NULL,NULL,NULL,NULL,NULL,NULL,'P',554,20,'27','2024'),(NULL,NULL,NULL,NULL,NULL,NULL,NULL,NULL,NULL,NULL,NULL,'P',555,20,'28','2024'),(NULL,NULL,NULL,NULL,NULL,NULL,NULL,NULL,NULL,NULL,NULL,NULL,556,20,'29',NULL),(NULL,NULL,NULL,NULL,NULL,NULL,NULL,NULL,NULL,NULL,NULL,NULL,557,20,'30',NULL),('P',NULL,NULL,NULL,NULL,NULL,NULL,NULL,NULL,NULL,NULL,'P',558,20,'31','2025'),(NULL,'P',NULL,NULL,NULL,NULL,NULL,NULL,NULL,NULL,NULL,NULL,559,21,'1','2025'),('P',NULL,NULL,NULL,NULL,NULL,NULL,NULL,NULL,NULL,NULL,NULL,560,21,'2','2025'),(NULL,NULL,NULL,NULL,NULL,NULL,NULL,NULL,NULL,NULL,NULL,NULL,561,21,'3',NULL),(NULL,NULL,NULL,NULL,NULL,NULL,NULL,NULL,NULL,NULL,NULL,NULL,562,21,'4',NULL),(NULL,NULL,NULL,NULL,NULL,NULL,NULL,NULL,NULL,NULL,NULL,NULL,563,21,'5',NULL),('P',NULL,NULL,NULL,NULL,NULL,NULL,NULL,NULL,NULL,NULL,NULL,564,21,'6','2025'),('P',NULL,NULL,NULL,NULL,NULL,NULL,NULL,NULL,NULL,NULL,NULL,565,21,'7','2025'),('P',NULL,NULL,NULL,NULL,NULL,NULL,NULL,NULL,NULL,NULL,NULL,566,21,'8','2025'),(NULL,NULL,NULL,NULL,NULL,NULL,NULL,NULL,NULL,NULL,NULL,NULL,567,21,'9',NULL),(NULL,NULL,NULL,NULL,NULL,NULL,NULL,NULL,NULL,NULL,NULL,NULL,568,21,'10',NULL),(NULL,NULL,NULL,NULL,NULL,NULL,NULL,NULL,NULL,NULL,NULL,NULL,569,21,'11',NULL),(NULL,NULL,NULL,NULL,NULL,NULL,NULL,NULL,NULL,NULL,NULL,NULL,570,21,'12',NULL),(NULL,NULL,NULL,NULL,NULL,NULL,NULL,NULL,NULL,NULL,NULL,NULL,571,21,'13',NULL),(NULL,NULL,NULL,NULL,NULL,NULL,NULL,NULL,NULL,NULL,NULL,NULL,572,21,'14',NULL),('P',NULL,NULL,NULL,NULL,NULL,NULL,NULL,NULL,NULL,NULL,NULL,573,21,'15','2025'),(NULL,NULL,NULL,NULL,NULL,NULL,NULL,NULL,NULL,NULL,NULL,NULL,574,21,'16',NULL),('P',NULL,NULL,NULL,NULL,NULL,NULL,NULL,NULL,NULL,NULL,NULL,575,21,'17','2025'),(NULL,NULL,NULL,NULL,NULL,NULL,NULL,NULL,NULL,NULL,NULL,NULL,576,21,'18',NULL),(NULL,NULL,NULL,NULL,NULL,NULL,NULL,NULL,NULL,NULL,NULL,'P',577,21,'19','2024'),('P',NULL,NULL,NULL,NULL,NULL,NULL,NULL,NULL,NULL,NULL,NULL,578,21,'20','2025'),('P',NULL,NULL,NULL,NULL,NULL,NULL,NULL,NULL,NULL,NULL,NULL,579,21,'21','2025'),(NULL,NULL,NULL,NULL,NULL,NULL,NULL,NULL,NULL,NULL,NULL,NULL,580,21,'22',NULL),(NULL,NULL,NULL,NULL,NULL,NULL,NULL,NULL,NULL,NULL,NULL,'P',581,21,'23','2024'),(NULL,NULL,NULL,NULL,NULL,NULL,NULL,NULL,NULL,NULL,NULL,'P',582,21,'24','2024'),('P',NULL,NULL,NULL,NULL,NULL,NULL,NULL,NULL,NULL,NULL,NULL,583,21,'25','2025'),(NULL,NULL,NULL,NULL,NULL,NULL,NULL,NULL,NULL,NULL,NULL,'P',584,21,'26','2024'),('P',NULL,NULL,NULL,NULL,NULL,NULL,NULL,NULL,NULL,NULL,'P',585,21,'27','2025'),(NULL,'P',NULL,NULL,NULL,NULL,NULL,NULL,NULL,NULL,NULL,'P',586,21,'28','2025'),('P',NULL,NULL,NULL,NULL,NULL,NULL,NULL,NULL,NULL,NULL,NULL,587,21,'29','2025'),(NULL,NULL,NULL,NULL,NULL,NULL,NULL,NULL,NULL,NULL,NULL,NULL,588,21,'30',NULL),(NULL,NULL,NULL,NULL,NULL,NULL,NULL,NULL,NULL,NULL,NULL,NULL,589,21,'31',NULL),(NULL,'P','P',NULL,NULL,NULL,NULL,NULL,NULL,NULL,NULL,NULL,590,22,'1','2025'),(NULL,NULL,NULL,NULL,NULL,NULL,NULL,NULL,NULL,NULL,NULL,NULL,591,22,'2',NULL),(NULL,'P',NULL,NULL,NULL,NULL,NULL,NULL,NULL,NULL,NULL,NULL,592,22,'3','2025'),(NULL,'P',NULL,NULL,NULL,NULL,NULL,NULL,NULL,NULL,NULL,NULL,593,22,'4','2025'),(NULL,'P','P',NULL,NULL,NULL,NULL,NULL,NULL,NULL,NULL,NULL,594,22,'5','2025'),(NULL,'P','P',NULL,NULL,NULL,NULL,NULL,NULL,NULL,NULL,NULL,595,22,'6','2025'),(NULL,'P',NULL,NULL,NULL,NULL,NULL,NULL,NULL,NULL,NULL,NULL,596,22,'7','2025'),(NULL,'P',NULL,NULL,NULL,NULL,NULL,NULL,NULL,NULL,NULL,NULL,597,22,'8','2025'),(NULL,NULL,NULL,NULL,NULL,NULL,NULL,NULL,NULL,NULL,NULL,NULL,598,22,'9',NULL),(NULL,'P',NULL,NULL,NULL,NULL,NULL,NULL,NULL,NULL,NULL,NULL,599,22,'10','2025'),(NULL,NULL,NULL,NULL,NULL,NULL,NULL,NULL,NULL,NULL,NULL,NULL,600,22,'11',NULL),(NULL,NULL,NULL,NULL,NULL,NULL,NULL,NULL,NULL,NULL,NULL,NULL,601,22,'12',NULL),(NULL,'P',NULL,NULL,NULL,NULL,NULL,NULL,NULL,NULL,NULL,NULL,602,22,'13','2025'),(NULL,NULL,NULL,NULL,NULL,NULL,NULL,NULL,NULL,NULL,NULL,NULL,603,22,'14',NULL),('P','P',NULL,NULL,NULL,NULL,NULL,NULL,NULL,NULL,NULL,NULL,604,22,'15','2025'),('P',NULL,NULL,NULL,NULL,NULL,NULL,NULL,NULL,NULL,NULL,NULL,605,22,'16','2025'),('P','P',NULL,NULL,NULL,NULL,NULL,NULL,NULL,NULL,NULL,NULL,606,22,'17','2025'),(NULL,NULL,NULL,NULL,NULL,NULL,NULL,NULL,NULL,NULL,NULL,'P',607,22,'18','2024'),(NULL,NULL,NULL,NULL,NULL,NULL,NULL,NULL,NULL,NULL,NULL,NULL,608,22,'19',NULL),('P','P',NULL,NULL,NULL,NULL,NULL,NULL,NULL,NULL,NULL,'P',609,22,'20','2025'),('P',NULL,NULL,NULL,NULL,NULL,NULL,NULL,NULL,NULL,NULL,NULL,610,22,'21','2025'),('P',NULL,NULL,NULL,NULL,NULL,NULL,NULL,NULL,NULL,NULL,NULL,611,22,'22','2025'),(NULL,NULL,NULL,NULL,NULL,NULL,NULL,NULL,NULL,NULL,NULL,NULL,612,22,'23',NULL),('P','P',NULL,NULL,NULL,NULL,NULL,NULL,NULL,NULL,NULL,'P',613,22,'24','2025'),('P',NULL,NULL,NULL,NULL,NULL,NULL,NULL,NULL,NULL,NULL,NULL,614,22,'25','2025'),(NULL,NULL,NULL,NULL,NULL,NULL,NULL,NULL,NULL,NULL,NULL,NULL,615,22,'26',NULL),('P',NULL,NULL,NULL,NULL,NULL,NULL,NULL,NULL,NULL,NULL,'P',616,22,'27','2025'),(NULL,'P',NULL,NULL,NULL,NULL,NULL,NULL,NULL,NULL,NULL,'P',617,22,'28','2025'),('P',NULL,NULL,NULL,NULL,NULL,NULL,NULL,NULL,NULL,NULL,NULL,618,22,'29','2025'),(NULL,NULL,NULL,NULL,NULL,NULL,NULL,NULL,NULL,NULL,NULL,'P',619,22,'30','2024'),('P',NULL,NULL,NULL,NULL,NULL,NULL,NULL,NULL,NULL,NULL,NULL,620,22,'31','2025'),(NULL,'P',NULL,NULL,NULL,NULL,NULL,NULL,NULL,NULL,NULL,NULL,621,23,'1','2025'),('P',NULL,NULL,NULL,NULL,NULL,NULL,NULL,NULL,NULL,NULL,NULL,622,23,'2','2025'),('P','P',NULL,NULL,NULL,NULL,NULL,NULL,NULL,NULL,NULL,NULL,623,23,'3','2025'),('P','P',NULL,NULL,NULL,NULL,NULL,NULL,NULL,NULL,NULL,NULL,624,23,'4','2025'),(NULL,'P',NULL,NULL,NULL,NULL,NULL,NULL,NULL,NULL,NULL,NULL,625,23,'5','2025'),('P',NULL,NULL,NULL,NULL,NULL,NULL,NULL,NULL,NULL,NULL,NULL,626,23,'6','2025'),('P','P',NULL,NULL,NULL,NULL,NULL,NULL,NULL,NULL,NULL,NULL,627,23,'7','2025'),('P','P',NULL,NULL,NULL,NULL,NULL,NULL,NULL,NULL,NULL,NULL,628,23,'8','2025'),('P',NULL,NULL,NULL,NULL,NULL,NULL,NULL,NULL,NULL,NULL,NULL,629,23,'9','2025'),('P',NULL,NULL,NULL,NULL,NULL,NULL,NULL,NULL,NULL,NULL,NULL,630,23,'10','2025'),(NULL,NULL,NULL,NULL,NULL,NULL,NULL,NULL,NULL,NULL,NULL,NULL,631,23,'11',NULL),(NULL,NULL,NULL,NULL,NULL,NULL,NULL,NULL,NULL,NULL,NULL,NULL,632,23,'12',NULL),('P',NULL,NULL,NULL,NULL,NULL,NULL,NULL,NULL,NULL,NULL,NULL,633,23,'13','2025'),(NULL,NULL,NULL,NULL,NULL,NULL,NULL,NULL,NULL,NULL,NULL,NULL,634,23,'14',NULL),('P',NULL,NULL,NULL,NULL,NULL,NULL,NULL,NULL,NULL,NULL,NULL,635,23,'15','2025'),('P',NULL,NULL,NULL,NULL,NULL,NULL,NULL,NULL,NULL,NULL,NULL,636,23,'16','2025'),('P',NULL,NULL,NULL,NULL,NULL,NULL,NULL,NULL,NULL,NULL,NULL,637,23,'17','2025'),(NULL,NULL,NULL,NULL,NULL,NULL,NULL,NULL,NULL,NULL,NULL,'P',638,23,'18','2024'),(NULL,NULL,NULL,NULL,NULL,NULL,NULL,NULL,NULL,NULL,NULL,NULL,639,23,'19',NULL),('P',NULL,NULL,NULL,NULL,NULL,NULL,NULL,NULL,NULL,NULL,NULL,640,23,'20','2025'),('P',NULL,NULL,NULL,NULL,NULL,NULL,NULL,NULL,NULL,NULL,NULL,641,23,'21','2025'),('P',NULL,NULL,NULL,NULL,NULL,NULL,NULL,NULL,NULL,NULL,NULL,642,23,'22','2025'),('P',NULL,NULL,NULL,NULL,NULL,NULL,NULL,NULL,NULL,NULL,'P',643,23,'23','2025'),('P',NULL,NULL,NULL,NULL,NULL,NULL,NULL,NULL,NULL,NULL,'P',644,23,'24','2025'),(NULL,NULL,NULL,NULL,NULL,NULL,NULL,NULL,NULL,NULL,NULL,NULL,645,23,'25',NULL),(NULL,NULL,NULL,NULL,NULL,NULL,NULL,NULL,NULL,NULL,NULL,NULL,646,23,'26',NULL),('P',NULL,NULL,NULL,NULL,NULL,NULL,NULL,NULL,NULL,NULL,'P',647,23,'27','2025'),('P',NULL,NULL,NULL,NULL,NULL,NULL,NULL,NULL,NULL,NULL,NULL,648,23,'28','2025'),('P',NULL,NULL,NULL,NULL,NULL,NULL,NULL,NULL,NULL,NULL,NULL,649,23,'29','2025'),('P',NULL,NULL,NULL,NULL,NULL,NULL,NULL,NULL,NULL,NULL,'P',650,23,'30','2025'),('P',NULL,NULL,NULL,NULL,NULL,NULL,NULL,NULL,NULL,NULL,NULL,651,23,'31','2025'),(NULL,NULL,NULL,NULL,NULL,NULL,NULL,NULL,NULL,NULL,NULL,NULL,652,24,'1',NULL),(NULL,NULL,NULL,NULL,NULL,NULL,NULL,NULL,NULL,NULL,NULL,NULL,653,24,'2',NULL),(NULL,NULL,NULL,NULL,NULL,NULL,NULL,NULL,NULL,NULL,NULL,NULL,654,24,'3',NULL),(NULL,NULL,NULL,NULL,NULL,NULL,NULL,NULL,NULL,NULL,NULL,NULL,655,24,'4',NULL),(NULL,NULL,NULL,NULL,NULL,NULL,NULL,NULL,NULL,NULL,NULL,NULL,656,24,'5',NULL),(NULL,NULL,NULL,NULL,NULL,NULL,NULL,NULL,NULL,NULL,NULL,NULL,657,24,'6',NULL),(NULL,NULL,NULL,NULL,NULL,NULL,NULL,NULL,NULL,NULL,NULL,NULL,658,24,'7',NULL),(NULL,NULL,NULL,NULL,NULL,NULL,NULL,NULL,NULL,NULL,NULL,NULL,659,24,'8',NULL),(NULL,NULL,NULL,NULL,NULL,NULL,NULL,NULL,NULL,NULL,NULL,NULL,660,24,'9',NULL),(NULL,NULL,NULL,NULL,NULL,NULL,NULL,NULL,NULL,NULL,NULL,NULL,661,24,'10',NULL),(NULL,NULL,NULL,NULL,NULL,NULL,NULL,NULL,NULL,NULL,NULL,NULL,662,24,'11',NULL),(NULL,NULL,NULL,NULL,NULL,NULL,NULL,NULL,NULL,NULL,NULL,NULL,663,24,'12',NULL),(NULL,NULL,NULL,NULL,NULL,NULL,NULL,NULL,NULL,NULL,NULL,NULL,664,24,'13',NULL),(NULL,NULL,NULL,NULL,NULL,NULL,NULL,NULL,NULL,NULL,NULL,NULL,665,24,'14',NULL),(NULL,NULL,NULL,NULL,NULL,NULL,NULL,NULL,NULL,NULL,NULL,NULL,666,24,'15',NULL),(NULL,NULL,NULL,NULL,NULL,NULL,NULL,NULL,NULL,NULL,NULL,NULL,667,24,'16',NULL),(NULL,NULL,NULL,NULL,NULL,NULL,NULL,NULL,NULL,NULL,NULL,NULL,668,24,'17',NULL),(NULL,NULL,NULL,NULL,NULL,NULL,NULL,NULL,NULL,NULL,NULL,NULL,669,24,'18',NULL),(NULL,NULL,NULL,NULL,NULL,NULL,NULL,NULL,NULL,NULL,NULL,NULL,670,24,'19',NULL),(NULL,NULL,NULL,NULL,NULL,NULL,NULL,NULL,NULL,NULL,NULL,NULL,671,24,'20',NULL),(NULL,NULL,NULL,NULL,NULL,NULL,NULL,NULL,NULL,NULL,NULL,NULL,672,24,'21',NULL),(NULL,NULL,NULL,NULL,NULL,NULL,NULL,NULL,NULL,NULL,NULL,NULL,673,24,'22',NULL),(NULL,NULL,NULL,NULL,NULL,NULL,NULL,NULL,NULL,NULL,NULL,NULL,674,24,'23',NULL),(NULL,NULL,NULL,NULL,NULL,NULL,NULL,NULL,NULL,NULL,NULL,NULL,675,24,'24',NULL),(NULL,NULL,NULL,NULL,NULL,NULL,NULL,NULL,NULL,NULL,NULL,NULL,676,24,'25',NULL),(NULL,NULL,NULL,NULL,NULL,NULL,NULL,NULL,NULL,NULL,NULL,NULL,677,24,'26',NULL),(NULL,NULL,NULL,NULL,NULL,NULL,NULL,NULL,NULL,NULL,NULL,'P',678,24,'27','2024'),(NULL,NULL,NULL,NULL,NULL,NULL,NULL,NULL,NULL,NULL,NULL,NULL,679,24,'28',NULL),(NULL,NULL,NULL,NULL,NULL,NULL,NULL,NULL,NULL,NULL,NULL,NULL,680,24,'29',NULL),(NULL,NULL,NULL,NULL,NULL,NULL,NULL,NULL,NULL,NULL,NULL,NULL,681,24,'30',NULL),(NULL,NULL,NULL,NULL,NULL,NULL,NULL,NULL,NULL,NULL,NULL,NULL,682,24,'31',NULL),(NULL,NULL,NULL,NULL,NULL,NULL,NULL,NULL,NULL,NULL,NULL,NULL,683,25,'1',NULL),(NULL,NULL,NULL,NULL,NULL,NULL,NULL,NULL,NULL,NULL,NULL,NULL,684,25,'2',NULL),(NULL,NULL,NULL,NULL,NULL,NULL,NULL,NULL,NULL,NULL,NULL,NULL,685,25,'3',NULL),(NULL,NULL,NULL,NULL,NULL,NULL,NULL,NULL,NULL,NULL,NULL,NULL,686,25,'4',NULL),(NULL,NULL,NULL,NULL,NULL,NULL,NULL,NULL,NULL,NULL,NULL,NULL,687,25,'5',NULL),(NULL,NULL,NULL,NULL,NULL,NULL,NULL,NULL,NULL,NULL,NULL,NULL,688,25,'6',NULL),(NULL,NULL,NULL,NULL,NULL,NULL,NULL,NULL,NULL,NULL,NULL,NULL,689,25,'7',NULL),(NULL,NULL,NULL,NULL,NULL,NULL,NULL,NULL,NULL,NULL,NULL,NULL,690,25,'8',NULL),(NULL,NULL,NULL,NULL,NULL,NULL,NULL,NULL,NULL,NULL,NULL,NULL,691,25,'9',NULL),(NULL,NULL,NULL,NULL,NULL,NULL,NULL,NULL,NULL,NULL,NULL,NULL,692,25,'10',NULL),(NULL,NULL,NULL,NULL,NULL,NULL,NULL,NULL,NULL,NULL,NULL,NULL,693,25,'11',NULL),(NULL,NULL,NULL,NULL,NULL,NULL,NULL,NULL,NULL,NULL,NULL,NULL,694,25,'12',NULL),(NULL,NULL,NULL,NULL,NULL,NULL,NULL,NULL,NULL,NULL,NULL,NULL,695,25,'13',NULL),(NULL,NULL,NULL,NULL,NULL,NULL,NULL,NULL,NULL,NULL,NULL,NULL,696,25,'14',NULL),(NULL,NULL,NULL,NULL,NULL,NULL,NULL,NULL,NULL,NULL,NULL,NULL,697,25,'15',NULL),(NULL,NULL,NULL,NULL,NULL,NULL,NULL,NULL,NULL,NULL,NULL,NULL,698,25,'16',NULL),(NULL,NULL,NULL,NULL,NULL,NULL,NULL,NULL,NULL,NULL,NULL,NULL,699,25,'17',NULL),(NULL,NULL,NULL,NULL,NULL,NULL,NULL,NULL,NULL,NULL,NULL,'P',700,25,'18','2024'),(NULL,NULL,NULL,NULL,NULL,NULL,NULL,NULL,NULL,NULL,NULL,NULL,701,25,'19',NULL),(NULL,NULL,NULL,NULL,NULL,NULL,NULL,NULL,NULL,NULL,NULL,NULL,702,25,'20',NULL),(NULL,NULL,NULL,NULL,NULL,NULL,NULL,NULL,NULL,NULL,NULL,NULL,703,25,'21',NULL),(NULL,NULL,NULL,NULL,NULL,NULL,NULL,NULL,NULL,NULL,NULL,NULL,704,25,'22',NULL),(NULL,NULL,NULL,NULL,NULL,NULL,NULL,NULL,NULL,NULL,NULL,NULL,705,25,'23',NULL),(NULL,NULL,NULL,NULL,NULL,NULL,NULL,NULL,NULL,NULL,NULL,NULL,706,25,'24',NULL),(NULL,NULL,NULL,NULL,NULL,NULL,NULL,NULL,NULL,NULL,NULL,NULL,707,25,'25',NULL),(NULL,NULL,NULL,NULL,NULL,NULL,NULL,NULL,NULL,NULL,NULL,NULL,708,25,'26',NULL),(NULL,NULL,NULL,NULL,NULL,NULL,NULL,NULL,NULL,NULL,NULL,NULL,709,25,'27',NULL),(NULL,NULL,NULL,NULL,NULL,NULL,NULL,NULL,NULL,NULL,NULL,NULL,710,25,'28',NULL),(NULL,NULL,NULL,NULL,NULL,NULL,NULL,NULL,NULL,NULL,NULL,NULL,711,25,'29',NULL),(NULL,NULL,NULL,NULL,NULL,NULL,NULL,NULL,NULL,NULL,NULL,NULL,712,25,'30',NULL),(NULL,NULL,NULL,NULL,NULL,NULL,NULL,NULL,NULL,NULL,NULL,NULL,713,25,'31',NULL),(NULL,NULL,NULL,NULL,NULL,NULL,NULL,NULL,NULL,NULL,NULL,NULL,714,26,'1',NULL),(NULL,NULL,NULL,NULL,NULL,NULL,NULL,NULL,NULL,NULL,NULL,NULL,715,26,'2',NULL),(NULL,NULL,NULL,NULL,NULL,NULL,NULL,NULL,NULL,NULL,NULL,NULL,716,26,'3',NULL),(NULL,NULL,NULL,NULL,NULL,NULL,NULL,NULL,NULL,NULL,NULL,NULL,717,26,'4',NULL),(NULL,NULL,NULL,NULL,NULL,NULL,NULL,NULL,NULL,NULL,NULL,NULL,718,26,'5',NULL),(NULL,NULL,NULL,NULL,NULL,NULL,NULL,NULL,NULL,NULL,NULL,NULL,719,26,'6',NULL),(NULL,NULL,NULL,NULL,NULL,NULL,NULL,NULL,NULL,NULL,NULL,NULL,720,26,'7',NULL),(NULL,NULL,NULL,NULL,NULL,NULL,NULL,NULL,NULL,NULL,NULL,NULL,721,26,'8',NULL),(NULL,NULL,NULL,NULL,NULL,NULL,NULL,NULL,NULL,NULL,NULL,NULL,722,26,'9',NULL),(NULL,NULL,NULL,NULL,NULL,NULL,NULL,NULL,NULL,NULL,NULL,NULL,723,26,'10',NULL),(NULL,NULL,NULL,NULL,NULL,NULL,NULL,NULL,NULL,NULL,NULL,NULL,724,26,'11',NULL),(NULL,NULL,NULL,NULL,NULL,NULL,NULL,NULL,NULL,NULL,NULL,NULL,725,26,'12',NULL),(NULL,NULL,NULL,NULL,NULL,NULL,NULL,NULL,NULL,NULL,NULL,NULL,726,26,'13',NULL),(NULL,NULL,NULL,NULL,NULL,NULL,NULL,NULL,NULL,NULL,NULL,NULL,727,26,'14',NULL),(NULL,NULL,NULL,NULL,NULL,NULL,NULL,NULL,NULL,NULL,NULL,NULL,728,26,'15',NULL),(NULL,NULL,NULL,NULL,NULL,NULL,NULL,NULL,NULL,NULL,NULL,NULL,729,26,'16',NULL),(NULL,NULL,NULL,NULL,NULL,NULL,NULL,NULL,NULL,NULL,NULL,NULL,730,26,'17',NULL),(NULL,NULL,NULL,NULL,NULL,NULL,NULL,NULL,NULL,NULL,NULL,NULL,731,26,'18',NULL),(NULL,NULL,NULL,NULL,NULL,NULL,NULL,NULL,NULL,NULL,NULL,NULL,732,26,'19',NULL),(NULL,NULL,NULL,NULL,NULL,NULL,NULL,NULL,NULL,NULL,NULL,NULL,733,26,'20',NULL),(NULL,NULL,NULL,NULL,NULL,NULL,NULL,NULL,NULL,NULL,NULL,NULL,734,26,'21',NULL),(NULL,NULL,NULL,NULL,NULL,NULL,NULL,NULL,NULL,NULL,NULL,NULL,735,26,'22',NULL),(NULL,NULL,NULL,NULL,NULL,NULL,NULL,NULL,NULL,NULL,NULL,'P',736,26,'23','2024'),(NULL,NULL,NULL,NULL,NULL,NULL,NULL,NULL,NULL,NULL,NULL,'P',737,26,'24','2024'),(NULL,NULL,NULL,NULL,NULL,NULL,NULL,NULL,NULL,NULL,NULL,NULL,738,26,'25',NULL),(NULL,NULL,NULL,NULL,NULL,NULL,NULL,NULL,NULL,NULL,NULL,NULL,739,26,'26',NULL),(NULL,NULL,NULL,NULL,NULL,NULL,NULL,NULL,NULL,NULL,NULL,NULL,740,26,'27',NULL),(NULL,NULL,NULL,NULL,NULL,NULL,NULL,NULL,NULL,NULL,NULL,NULL,741,26,'28',NULL),(NULL,NULL,NULL,NULL,NULL,NULL,NULL,NULL,NULL,NULL,NULL,NULL,742,26,'29',NULL),(NULL,NULL,NULL,NULL,NULL,NULL,NULL,NULL,NULL,NULL,NULL,NULL,743,26,'30',NULL),(NULL,NULL,NULL,NULL,NULL,NULL,NULL,NULL,NULL,NULL,NULL,NULL,744,26,'31',NULL),(NULL,NULL,NULL,NULL,NULL,NULL,NULL,NULL,NULL,NULL,NULL,NULL,745,27,'1',NULL),(NULL,NULL,NULL,NULL,NULL,NULL,NULL,NULL,NULL,NULL,NULL,NULL,746,27,'2',NULL),(NULL,NULL,NULL,NULL,NULL,NULL,NULL,NULL,NULL,NULL,NULL,NULL,747,27,'3',NULL),(NULL,NULL,NULL,NULL,NULL,NULL,NULL,NULL,NULL,NULL,NULL,NULL,748,27,'4',NULL),(NULL,NULL,NULL,NULL,NULL,NULL,NULL,NULL,NULL,NULL,NULL,NULL,749,27,'5',NULL),(NULL,NULL,NULL,NULL,NULL,NULL,NULL,NULL,NULL,NULL,NULL,NULL,750,27,'6',NULL),(NULL,NULL,NULL,NULL,NULL,NULL,NULL,NULL,NULL,NULL,NULL,NULL,751,27,'7',NULL),(NULL,NULL,NULL,NULL,NULL,NULL,NULL,NULL,NULL,NULL,NULL,NULL,752,27,'8',NULL),(NULL,NULL,NULL,NULL,NULL,NULL,NULL,NULL,NULL,NULL,NULL,NULL,753,27,'9',NULL),(NULL,NULL,NULL,NULL,NULL,NULL,NULL,NULL,NULL,NULL,NULL,NULL,754,27,'10',NULL),(NULL,NULL,NULL,NULL,NULL,NULL,NULL,NULL,NULL,NULL,NULL,NULL,755,27,'11',NULL),(NULL,NULL,NULL,NULL,NULL,NULL,NULL,NULL,NULL,NULL,NULL,NULL,756,27,'12',NULL),(NULL,NULL,NULL,NULL,NULL,NULL,NULL,NULL,NULL,NULL,NULL,NULL,757,27,'13',NULL),(NULL,NULL,NULL,NULL,NULL,NULL,NULL,NULL,NULL,NULL,NULL,NULL,758,27,'14',NULL),(NULL,NULL,NULL,NULL,NULL,NULL,NULL,NULL,NULL,NULL,NULL,NULL,759,27,'15',NULL),(NULL,NULL,NULL,NULL,NULL,NULL,NULL,NULL,NULL,NULL,NULL,NULL,760,27,'16',NULL),(NULL,NULL,NULL,NULL,NULL,NULL,NULL,NULL,NULL,NULL,NULL,NULL,761,27,'17',NULL),(NULL,NULL,NULL,NULL,NULL,NULL,NULL,NULL,NULL,NULL,NULL,NULL,762,27,'18',NULL),(NULL,NULL,NULL,NULL,NULL,NULL,NULL,NULL,NULL,NULL,NULL,NULL,763,27,'19',NULL),(NULL,NULL,NULL,NULL,NULL,NULL,NULL,NULL,NULL,NULL,NULL,NULL,764,27,'20',NULL),(NULL,NULL,NULL,NULL,NULL,NULL,NULL,NULL,NULL,NULL,NULL,NULL,765,27,'21',NULL),(NULL,NULL,NULL,NULL,NULL,NULL,NULL,NULL,NULL,NULL,NULL,NULL,766,27,'22',NULL),(NULL,NULL,NULL,NULL,NULL,NULL,NULL,NULL,NULL,NULL,NULL,NULL,767,27,'23',NULL),(NULL,NULL,NULL,NULL,NULL,NULL,NULL,NULL,NULL,NULL,NULL,NULL,768,27,'24',NULL),(NULL,NULL,NULL,NULL,NULL,NULL,NULL,NULL,NULL,NULL,NULL,NULL,769,27,'25',NULL),(NULL,NULL,NULL,NULL,NULL,NULL,NULL,NULL,NULL,NULL,NULL,NULL,770,27,'26',NULL),(NULL,NULL,NULL,NULL,NULL,NULL,NULL,NULL,NULL,NULL,NULL,NULL,771,27,'27',NULL),(NULL,NULL,NULL,NULL,NULL,NULL,NULL,NULL,NULL,NULL,NULL,NULL,772,27,'28',NULL),(NULL,NULL,NULL,NULL,NULL,NULL,NULL,NULL,NULL,NULL,NULL,NULL,773,27,'29',NULL),(NULL,NULL,NULL,NULL,NULL,NULL,NULL,NULL,NULL,NULL,NULL,NULL,774,27,'30',NULL),(NULL,NULL,NULL,NULL,NULL,NULL,NULL,NULL,NULL,NULL,NULL,NULL,775,27,'31',NULL),(NULL,NULL,NULL,NULL,NULL,NULL,NULL,NULL,NULL,NULL,NULL,NULL,776,28,'1',NULL),(NULL,NULL,NULL,NULL,NULL,NULL,NULL,NULL,NULL,NULL,NULL,NULL,777,28,'2',NULL),(NULL,NULL,NULL,NULL,NULL,NULL,NULL,NULL,NULL,NULL,NULL,NULL,778,28,'3',NULL),(NULL,NULL,NULL,NULL,NULL,NULL,NULL,NULL,NULL,NULL,NULL,NULL,779,28,'4',NULL),(NULL,NULL,NULL,NULL,NULL,NULL,NULL,NULL,NULL,NULL,NULL,NULL,780,28,'5',NULL),(NULL,NULL,NULL,NULL,NULL,NULL,NULL,NULL,NULL,NULL,NULL,NULL,781,28,'6',NULL),(NULL,NULL,NULL,NULL,NULL,NULL,NULL,NULL,NULL,NULL,NULL,NULL,782,28,'7',NULL),(NULL,NULL,NULL,NULL,NULL,NULL,NULL,NULL,NULL,NULL,NULL,NULL,783,28,'8',NULL),(NULL,NULL,NULL,NULL,NULL,NULL,NULL,NULL,NULL,NULL,NULL,NULL,784,28,'9',NULL),(NULL,NULL,NULL,NULL,NULL,NULL,NULL,NULL,NULL,NULL,NULL,NULL,785,28,'10',NULL),(NULL,NULL,NULL,NULL,NULL,NULL,NULL,NULL,NULL,NULL,NULL,NULL,786,28,'11',NULL),(NULL,NULL,NULL,NULL,NULL,NULL,NULL,NULL,NULL,NULL,NULL,NULL,787,28,'12',NULL),(NULL,NULL,NULL,NULL,NULL,NULL,NULL,NULL,NULL,NULL,NULL,NULL,788,28,'13',NULL),(NULL,NULL,NULL,NULL,NULL,NULL,NULL,NULL,NULL,NULL,NULL,NULL,789,28,'14',NULL),(NULL,NULL,NULL,NULL,NULL,NULL,NULL,NULL,NULL,NULL,NULL,NULL,790,28,'15',NULL),(NULL,NULL,NULL,NULL,NULL,NULL,NULL,NULL,NULL,NULL,NULL,NULL,791,28,'16',NULL),(NULL,NULL,NULL,NULL,NULL,NULL,NULL,NULL,NULL,NULL,NULL,NULL,792,28,'17',NULL),(NULL,NULL,NULL,NULL,NULL,NULL,NULL,NULL,NULL,NULL,NULL,'P',793,28,'18','2024'),(NULL,NULL,NULL,NULL,NULL,NULL,NULL,NULL,NULL,NULL,NULL,NULL,794,28,'19',NULL),(NULL,NULL,NULL,NULL,NULL,NULL,NULL,NULL,NULL,NULL,NULL,NULL,795,28,'20',NULL),(NULL,NULL,NULL,NULL,NULL,NULL,NULL,NULL,NULL,NULL,NULL,NULL,796,28,'21',NULL),(NULL,NULL,NULL,NULL,NULL,NULL,NULL,NULL,NULL,NULL,NULL,NULL,797,28,'22',NULL),(NULL,NULL,NULL,NULL,NULL,NULL,NULL,NULL,NULL,NULL,NULL,'P',798,28,'23','2024'),(NULL,NULL,NULL,NULL,NULL,NULL,NULL,NULL,NULL,NULL,NULL,NULL,799,28,'24',NULL),(NULL,NULL,NULL,NULL,NULL,NULL,NULL,NULL,NULL,NULL,NULL,NULL,800,28,'25',NULL),(NULL,NULL,NULL,NULL,NULL,NULL,NULL,NULL,NULL,NULL,NULL,NULL,801,28,'26',NULL),(NULL,NULL,NULL,NULL,NULL,NULL,NULL,NULL,NULL,NULL,NULL,NULL,802,28,'27',NULL),(NULL,NULL,NULL,NULL,NULL,NULL,NULL,NULL,NULL,NULL,NULL,NULL,803,28,'28',NULL),(NULL,NULL,NULL,NULL,NULL,NULL,NULL,NULL,NULL,NULL,NULL,NULL,804,28,'29',NULL),(NULL,NULL,NULL,NULL,NULL,NULL,NULL,NULL,NULL,NULL,NULL,NULL,805,28,'30',NULL),(NULL,NULL,NULL,NULL,NULL,NULL,NULL,NULL,NULL,NULL,NULL,NULL,806,28,'31',NULL),(NULL,NULL,NULL,NULL,NULL,NULL,NULL,NULL,NULL,NULL,NULL,NULL,807,29,'1',NULL),(NULL,NULL,NULL,NULL,NULL,NULL,NULL,NULL,NULL,NULL,NULL,NULL,808,29,'2',NULL),(NULL,NULL,NULL,NULL,NULL,NULL,NULL,NULL,NULL,NULL,NULL,NULL,809,29,'3',NULL),(NULL,NULL,NULL,NULL,NULL,NULL,NULL,NULL,NULL,NULL,NULL,NULL,810,29,'4',NULL),(NULL,NULL,NULL,NULL,NULL,NULL,NULL,NULL,NULL,NULL,NULL,NULL,811,29,'5',NULL),(NULL,NULL,NULL,NULL,NULL,NULL,NULL,NULL,NULL,NULL,NULL,NULL,812,29,'6',NULL),(NULL,NULL,NULL,NULL,NULL,NULL,NULL,NULL,NULL,NULL,NULL,NULL,813,29,'7',NULL),(NULL,NULL,NULL,NULL,NULL,NULL,NULL,NULL,NULL,NULL,NULL,NULL,814,29,'8',NULL),(NULL,NULL,NULL,NULL,NULL,NULL,NULL,NULL,NULL,NULL,NULL,NULL,815,29,'9',NULL),(NULL,NULL,NULL,NULL,NULL,NULL,NULL,NULL,NULL,NULL,NULL,NULL,816,29,'10',NULL),(NULL,NULL,NULL,NULL,NULL,NULL,NULL,NULL,NULL,NULL,NULL,NULL,817,29,'11',NULL),(NULL,NULL,NULL,NULL,NULL,NULL,NULL,NULL,NULL,NULL,NULL,NULL,818,29,'12',NULL),(NULL,NULL,NULL,NULL,NULL,NULL,NULL,NULL,NULL,NULL,NULL,NULL,819,29,'13',NULL),(NULL,NULL,NULL,NULL,NULL,NULL,NULL,NULL,NULL,NULL,NULL,NULL,820,29,'14',NULL),(NULL,NULL,NULL,NULL,NULL,NULL,NULL,NULL,NULL,NULL,NULL,NULL,821,29,'15',NULL),(NULL,NULL,NULL,NULL,NULL,NULL,NULL,NULL,NULL,NULL,NULL,NULL,822,29,'16',NULL),(NULL,NULL,NULL,NULL,NULL,NULL,NULL,NULL,NULL,NULL,NULL,NULL,823,29,'17',NULL),(NULL,NULL,NULL,NULL,NULL,NULL,NULL,NULL,NULL,NULL,NULL,NULL,824,29,'18',NULL),(NULL,NULL,NULL,NULL,NULL,NULL,NULL,NULL,NULL,NULL,NULL,NULL,825,29,'19',NULL),(NULL,NULL,NULL,NULL,NULL,NULL,NULL,NULL,NULL,NULL,NULL,NULL,826,29,'20',NULL),(NULL,NULL,NULL,NULL,NULL,NULL,NULL,NULL,NULL,NULL,NULL,NULL,827,29,'21',NULL),(NULL,NULL,NULL,NULL,NULL,NULL,NULL,NULL,NULL,NULL,NULL,NULL,828,29,'22',NULL),(NULL,NULL,NULL,NULL,NULL,NULL,'P',NULL,NULL,NULL,NULL,'P',829,29,'23','2025'),(NULL,NULL,NULL,NULL,NULL,NULL,NULL,NULL,NULL,NULL,NULL,NULL,830,29,'24',NULL),(NULL,NULL,NULL,NULL,NULL,NULL,'P',NULL,NULL,NULL,NULL,NULL,831,29,'25','2025'),(NULL,NULL,NULL,NULL,NULL,NULL,NULL,NULL,NULL,NULL,NULL,NULL,832,29,'26',NULL),(NULL,NULL,NULL,NULL,NULL,NULL,NULL,NULL,NULL,NULL,NULL,'P',833,29,'27','2024'),(NULL,NULL,NULL,NULL,NULL,NULL,NULL,NULL,NULL,NULL,NULL,NULL,834,29,'28',NULL),(NULL,NULL,NULL,NULL,NULL,NULL,NULL,NULL,NULL,NULL,NULL,NULL,835,29,'29',NULL),(NULL,NULL,NULL,NULL,NULL,NULL,NULL,NULL,NULL,NULL,NULL,NULL,836,29,'30',NULL),(NULL,NULL,NULL,NULL,NULL,NULL,NULL,NULL,NULL,NULL,NULL,NULL,837,29,'31',NULL),(NULL,NULL,NULL,NULL,NULL,NULL,NULL,NULL,NULL,NULL,NULL,NULL,838,30,'1',NULL),(NULL,NULL,NULL,NULL,NULL,NULL,NULL,NULL,NULL,NULL,NULL,NULL,839,30,'2',NULL),(NULL,NULL,NULL,NULL,NULL,NULL,NULL,NULL,NULL,NULL,NULL,NULL,840,30,'3',NULL),(NULL,NULL,NULL,NULL,NULL,NULL,NULL,NULL,NULL,NULL,NULL,NULL,841,30,'4',NULL),(NULL,NULL,NULL,NULL,NULL,NULL,NULL,NULL,NULL,NULL,NULL,NULL,842,30,'5',NULL),(NULL,NULL,NULL,NULL,NULL,NULL,NULL,NULL,NULL,NULL,NULL,NULL,843,30,'6',NULL),(NULL,NULL,NULL,NULL,NULL,NULL,NULL,NULL,NULL,NULL,NULL,NULL,844,30,'7',NULL),(NULL,NULL,NULL,NULL,NULL,NULL,NULL,NULL,NULL,NULL,NULL,NULL,845,30,'8',NULL),(NULL,NULL,NULL,NULL,NULL,NULL,NULL,NULL,NULL,NULL,NULL,NULL,846,30,'9',NULL),(NULL,NULL,NULL,NULL,NULL,NULL,NULL,NULL,NULL,NULL,NULL,NULL,847,30,'10',NULL),(NULL,NULL,NULL,NULL,NULL,NULL,NULL,NULL,NULL,NULL,NULL,NULL,848,30,'11',NULL),(NULL,NULL,NULL,NULL,NULL,NULL,NULL,NULL,NULL,NULL,NULL,NULL,849,30,'12',NULL),(NULL,NULL,NULL,NULL,NULL,NULL,NULL,NULL,NULL,NULL,NULL,NULL,850,30,'13',NULL),(NULL,NULL,NULL,NULL,NULL,NULL,NULL,NULL,NULL,NULL,NULL,NULL,851,30,'14',NULL),(NULL,NULL,NULL,NULL,NULL,NULL,NULL,NULL,NULL,NULL,NULL,NULL,852,30,'15',NULL),(NULL,NULL,NULL,NULL,NULL,NULL,NULL,NULL,NULL,NULL,NULL,NULL,853,30,'16',NULL),(NULL,NULL,NULL,NULL,NULL,NULL,NULL,NULL,NULL,NULL,NULL,NULL,854,30,'17',NULL),(NULL,NULL,NULL,NULL,NULL,NULL,NULL,NULL,NULL,NULL,NULL,NULL,855,30,'18',NULL),(NULL,NULL,NULL,NULL,NULL,NULL,NULL,NULL,NULL,NULL,NULL,NULL,856,30,'19',NULL),(NULL,NULL,NULL,NULL,NULL,NULL,NULL,NULL,NULL,NULL,NULL,NULL,857,30,'20',NULL),(NULL,NULL,NULL,NULL,NULL,NULL,NULL,NULL,NULL,NULL,NULL,NULL,858,30,'21',NULL),(NULL,NULL,NULL,NULL,NULL,NULL,NULL,NULL,NULL,NULL,NULL,NULL,859,30,'22',NULL),(NULL,NULL,NULL,NULL,NULL,NULL,NULL,NULL,NULL,NULL,NULL,'P',860,30,'23','2024'),(NULL,NULL,NULL,NULL,NULL,NULL,NULL,NULL,NULL,NULL,NULL,'P',861,30,'24','2024'),(NULL,NULL,NULL,NULL,NULL,NULL,NULL,NULL,NULL,NULL,NULL,NULL,862,30,'25',NULL),(NULL,NULL,NULL,NULL,NULL,NULL,NULL,NULL,NULL,NULL,NULL,NULL,863,30,'26',NULL),(NULL,NULL,NULL,NULL,NULL,NULL,NULL,NULL,NULL,NULL,NULL,'P',864,30,'27','2024'),(NULL,NULL,NULL,NULL,NULL,NULL,NULL,NULL,NULL,NULL,NULL,'P',865,30,'28','2024'),(NULL,NULL,NULL,NULL,NULL,NULL,NULL,NULL,NULL,NULL,NULL,NULL,866,30,'29',NULL),(NULL,NULL,NULL,NULL,NULL,NULL,NULL,NULL,NULL,NULL,NULL,NULL,867,30,'30',NULL),(NULL,NULL,NULL,NULL,NULL,NULL,NULL,NULL,NULL,NULL,NULL,NULL,868,30,'31',NULL),(NULL,NULL,NULL,NULL,NULL,NULL,NULL,NULL,NULL,NULL,NULL,NULL,869,31,'1',NULL),(NULL,NULL,NULL,NULL,NULL,NULL,NULL,NULL,NULL,NULL,NULL,NULL,870,31,'2',NULL),(NULL,NULL,NULL,NULL,NULL,NULL,NULL,NULL,NULL,NULL,NULL,NULL,871,31,'3',NULL),(NULL,NULL,NULL,NULL,NULL,NULL,NULL,NULL,NULL,NULL,NULL,NULL,872,31,'4',NULL),(NULL,NULL,NULL,NULL,NULL,NULL,NULL,NULL,NULL,NULL,NULL,NULL,873,31,'5',NULL),(NULL,NULL,NULL,NULL,NULL,NULL,NULL,NULL,NULL,NULL,NULL,NULL,874,31,'6',NULL),(NULL,NULL,NULL,NULL,NULL,NULL,NULL,NULL,NULL,NULL,NULL,NULL,875,31,'7',NULL),(NULL,NULL,NULL,NULL,NULL,NULL,NULL,NULL,NULL,NULL,NULL,NULL,876,31,'8',NULL),(NULL,NULL,NULL,NULL,NULL,NULL,NULL,NULL,NULL,NULL,NULL,NULL,877,31,'9',NULL),(NULL,NULL,NULL,NULL,NULL,NULL,NULL,NULL,NULL,NULL,NULL,NULL,878,31,'10',NULL),(NULL,NULL,NULL,NULL,NULL,NULL,NULL,NULL,NULL,NULL,NULL,NULL,879,31,'11',NULL),(NULL,NULL,NULL,NULL,NULL,NULL,NULL,NULL,NULL,NULL,NULL,NULL,880,31,'12',NULL),(NULL,NULL,NULL,NULL,NULL,NULL,NULL,NULL,NULL,NULL,NULL,NULL,881,31,'13',NULL),(NULL,NULL,NULL,NULL,NULL,NULL,NULL,NULL,NULL,NULL,NULL,NULL,882,31,'14',NULL),(NULL,NULL,NULL,NULL,NULL,NULL,NULL,NULL,NULL,NULL,NULL,NULL,883,31,'15',NULL),(NULL,NULL,NULL,NULL,NULL,NULL,NULL,NULL,NULL,NULL,NULL,NULL,884,31,'16',NULL),(NULL,NULL,NULL,NULL,NULL,NULL,NULL,NULL,NULL,NULL,NULL,NULL,885,31,'17',NULL),(NULL,NULL,NULL,NULL,NULL,NULL,NULL,NULL,NULL,NULL,NULL,NULL,886,31,'18',NULL),(NULL,NULL,NULL,NULL,NULL,NULL,NULL,NULL,NULL,NULL,NULL,NULL,887,31,'19',NULL),(NULL,NULL,NULL,NULL,NULL,NULL,NULL,NULL,NULL,NULL,NULL,NULL,888,31,'20',NULL),(NULL,NULL,NULL,NULL,NULL,NULL,NULL,NULL,NULL,NULL,NULL,NULL,889,31,'21',NULL),(NULL,NULL,NULL,NULL,NULL,NULL,NULL,NULL,NULL,NULL,NULL,NULL,890,31,'22',NULL),(NULL,NULL,NULL,NULL,NULL,NULL,NULL,NULL,NULL,NULL,NULL,NULL,891,31,'23',NULL),(NULL,NULL,NULL,NULL,NULL,NULL,NULL,NULL,NULL,NULL,NULL,NULL,892,31,'24',NULL),(NULL,NULL,NULL,NULL,NULL,NULL,NULL,NULL,NULL,NULL,NULL,NULL,893,31,'25',NULL),(NULL,NULL,NULL,NULL,NULL,NULL,NULL,NULL,NULL,NULL,NULL,NULL,894,31,'26',NULL),(NULL,NULL,NULL,NULL,NULL,NULL,NULL,NULL,NULL,NULL,NULL,'P',895,31,'27','2024'),(NULL,NULL,NULL,NULL,NULL,NULL,NULL,NULL,NULL,NULL,NULL,NULL,896,31,'28',NULL),(NULL,NULL,NULL,NULL,NULL,NULL,NULL,NULL,NULL,NULL,NULL,NULL,897,31,'29',NULL),(NULL,NULL,NULL,NULL,NULL,NULL,NULL,NULL,NULL,NULL,NULL,NULL,898,31,'30',NULL),(NULL,NULL,NULL,NULL,NULL,NULL,NULL,NULL,NULL,NULL,NULL,NULL,899,31,'31',NULL);
/*!40000 ALTER TABLE `empattendance` ENABLE KEYS */;
UNLOCK TABLES;

--
-- Table structure for table `employee`
--

DROP TABLE IF EXISTS `employee`;
/*!40101 SET @saved_cs_client     = @@character_set_client */;
/*!50503 SET character_set_client = utf8mb4 */;
CREATE TABLE `employee` (
  `em_id` int NOT NULL AUTO_INCREMENT,
  `name` varchar(80) DEFAULT NULL,
  `email` varchar(80) DEFAULT NULL,
  `password` varchar(255) DEFAULT NULL,
  `number` varchar(15) CHARACTER SET utf8mb4 COLLATE utf8mb4_general_ci DEFAULT NULL,
  `lastLoginAt` datetime DEFAULT NULL,
  `lastLogoutAt` datetime DEFAULT NULL,
  `status` varchar(30) NOT NULL DEFAULT 'active',
  `job_role` varchar(500) DEFAULT NULL,
  PRIMARY KEY (`em_id`)
) ENGINE=InnoDB AUTO_INCREMENT=32 DEFAULT CHARSET=utf8mb4 COLLATE=utf8mb4_0900_ai_ci;
/*!40101 SET character_set_client = @saved_cs_client */;

--
-- Dumping data for table `employee`
--

LOCK TABLES `employee` WRITE;
/*!40000 ALTER TABLE `employee` DISABLE KEYS */;
INSERT INTO `employee` VALUES (20,'Dikshita kashyap sarmah','dikshitakashyapsarmah02@gmail.com','a0c298ff95b97cf3b5a6b9c513925460dadf0165f434b6630f53bf56e5bef3b2','9957129577','2025-03-10 10:41:11',NULL,'active','Intern'),(21,'Rupanjali Devi','rup1234anjali@gmail.com','7fdd33f6aea79ca995d511ea89f0a4aa17b5cdc955d84d4c14216e4cc382ef2c','7086442909','2025-02-28 11:05:48','2025-01-02 16:49:54','active','Intern'),(22,'Chandani Bora','chandanibora1998@gmail.com','33e3e1dfb0fc4ed5058ef51743efdd19cd2069f5d0e5c804521d8457c57be03c','7002762669','2025-03-06 10:34:56',NULL,'active','Intern'),(23,'Muskan Gulgulia','muskangulgulia559@gmail.com','84e49cdd601622c94ece9dc4993de19e2e5cbead3c79c0d5eef22b755f5edef2','9678106415','2025-02-08 10:22:01',NULL,'active','Interior Designer'),(24,'Mondeepam Sengupta','mondeepamsengupta@gmail.com','8e765a080952928379c13c9c2d2efd5e2ec6521168930d8825f3727f52ef92e2','8910914834','2024-12-27 11:42:14',NULL,'active','Pricipal Architect'),(25,'Anshuman Kashyap','anshumankashyap844@gmail.com','f459a0b638832546cdcc19d69a8e577cc1e09b6c2ee5a1cb258068a6b48e6573','8638260070','2024-12-18 13:18:18',NULL,'active','Site Engineer'),(26,'Kashmiree Hazarika','kashmireehazarika43@gmail.com','362173dc42aa2b7f9b6487a1ba1566174f3ec8fc3ece6a3ca8515083a34456ad','6001086995','2024-12-24 10:58:55',NULL,'active','Asst. Engineer'),(27,'Deep Dutta Bora','trenditdigitialmarketing@gmail.com','0637e9bce9a8adda3f0eb4be1ebb02cab0931e496da39c5fa2c407314d88e85d','6003181050',NULL,NULL,'active','Accountant'),(28,'Nibedita Bharali','nbb12898@gmail.com','88a474440252fa07e5abf39bc99eaa8866480827a69c87f992c2eedffa27d7c0','7896963006','2024-12-23 12:21:14',NULL,'active','Asst. Architect'),(29,'Joydeep Phukan','joydeepphukanisl@gmail.com','773488072e3392afa5a724477e2171f195813a6a7e8a2167f291366e671d037b','7002058375','2025-07-25 13:15:11',NULL,'active','Engineer Incharge'),(30,'Jishu Jugam Saikia','jishujugam01@gmail.com','8ee23db6084d5f81dd98c90591819fa57d20ea640025b3a209812baf9a912c34','8876270728','2024-12-28 13:25:22',NULL,'active','Senior Engineer'),(31,'Jyotisman Gayan','mail2jyotismangayan123@gmail.com','e26078c823065f8179c1597156ab40f14994da132cedc2de403dc14a4a0c2fcb','7002476940','2024-12-27 11:45:38',NULL,'active','Principal Architect');
/*!40000 ALTER TABLE `employee` ENABLE KEYS */;
UNLOCK TABLES;

--
-- Table structure for table `expense_category`
--

DROP TABLE IF EXISTS `expense_category`;
/*!40101 SET @saved_cs_client     = @@character_set_client */;
/*!50503 SET character_set_client = utf8mb4 */;
CREATE TABLE `expense_category` (
  `id` int NOT NULL AUTO_INCREMENT,
  `cat_name` varchar(155) NOT NULL,
  `cat_desc` varchar(255) NOT NULL,
  PRIMARY KEY (`id`)
) ENGINE=InnoDB AUTO_INCREMENT=2 DEFAULT CHARSET=utf8mb4 COLLATE=utf8mb4_0900_ai_ci;
/*!40101 SET character_set_client = @saved_cs_client */;

--
-- Dumping data for table `expense_category`
--

LOCK TABLES `expense_category` WRITE;
/*!40000 ALTER TABLE `expense_category` DISABLE KEYS */;
INSERT INTO `expense_category` VALUES (1,'sdfgsdfgsd','sdfgsdfgsdfg');
/*!40000 ALTER TABLE `expense_category` ENABLE KEYS */;
UNLOCK TABLES;

--
-- Table structure for table `expenses`
--

DROP TABLE IF EXISTS `expenses`;
/*!40101 SET @saved_cs_client     = @@character_set_client */;
/*!50503 SET character_set_client = utf8mb4 */;
CREATE TABLE `expenses` (
  `id` int NOT NULL AUTO_INCREMENT,
  `title` varchar(255) NOT NULL,
  `remark` varchar(355) DEFAULT NULL,
  `amount` int NOT NULL,
  `category` varchar(155) DEFAULT NULL,
  `date` varchar(20) NOT NULL,
  `md_type` varchar(10) NOT NULL,
  PRIMARY KEY (`id`),
  KEY `category` (`category`)
) ENGINE=InnoDB AUTO_INCREMENT=578 DEFAULT CHARSET=utf8mb4 COLLATE=utf8mb4_0900_ai_ci;
/*!40101 SET character_set_client = @saved_cs_client */;

--
-- Dumping data for table `expenses`
--

LOCK TABLES `expenses` WRITE;
/*!40000 ALTER TABLE `expenses` DISABLE KEYS */;
INSERT INTO `expenses` VALUES (575,'worker','',1000,NULL,'12/07/2025','cash'),(576,'fuel','hojai',1000,NULL,'12/07/2025','cash'),(577,'15','adrsdr',7867,'sdfgsdfgsd','11/08/2025','online');
/*!40000 ALTER TABLE `expenses` ENABLE KEYS */;
UNLOCK TABLES;

--
-- Table structure for table `mis_subtask`
--

DROP TABLE IF EXISTS `mis_subtask`;
/*!40101 SET @saved_cs_client     = @@character_set_client */;
/*!50503 SET character_set_client = utf8mb4 */;
CREATE TABLE `mis_subtask` (
  `msub_task_id` int NOT NULL AUTO_INCREMENT,
  `msub_task_name` varchar(100) DEFAULT NULL,
  PRIMARY KEY (`msub_task_id`)
) ENGINE=InnoDB AUTO_INCREMENT=29 DEFAULT CHARSET=utf8mb4 COLLATE=utf8mb4_0900_ai_ci;
/*!40101 SET character_set_client = @saved_cs_client */;

--
-- Dumping data for table `mis_subtask`
--

LOCK TABLES `mis_subtask` WRITE;
/*!40000 ALTER TABLE `mis_subtask` DISABLE KEYS */;
INSERT INTO `mis_subtask` VALUES (20,'Interior'),(21,'Estimate'),(22,'Permission'),(23,'Landscape'),(24,'Architetural'),(25,'Structural'),(26,'3D Views'),(27,''),(28,'');
/*!40000 ALTER TABLE `mis_subtask` ENABLE KEYS */;
UNLOCK TABLES;

--
-- Table structure for table `misc_project_employee`
--

DROP TABLE IF EXISTS `misc_project_employee`;
/*!40101 SET @saved_cs_client     = @@character_set_client */;
/*!50503 SET character_set_client = utf8mb4 */;
CREATE TABLE `misc_project_employee` (
  `mpeid` int NOT NULL AUTO_INCREMENT,
  `mdeal_id` int DEFAULT NULL,
  `mstask_id` int DEFAULT NULL,
  `mpemid` int DEFAULT NULL,
  `dateofassign` varchar(50) DEFAULT '0',
  `dateofremove` varchar(50) DEFAULT '0',
  PRIMARY KEY (`mpeid`),
  UNIQUE KEY `mpnd` (`mdeal_id`,`mstask_id`,`mpemid`),
  KEY `mdeal_id` (`mdeal_id`),
  KEY `mstask_id` (`mstask_id`),
  KEY `mpemid` (`mpemid`),
  CONSTRAINT `misc_project_employee_ibfk_1` FOREIGN KEY (`mdeal_id`) REFERENCES `single_deal` (`sdid`),
  CONSTRAINT `misc_project_employee_ibfk_2` FOREIGN KEY (`mstask_id`) REFERENCES `mis_subtask` (`msub_task_id`),
  CONSTRAINT `misc_project_employee_ibfk_3` FOREIGN KEY (`mpemid`) REFERENCES `employee` (`em_id`)
) ENGINE=InnoDB AUTO_INCREMENT=19 DEFAULT CHARSET=utf8mb4 COLLATE=utf8mb4_0900_ai_ci;
/*!40101 SET character_set_client = @saved_cs_client */;

--
-- Dumping data for table `misc_project_employee`
--

LOCK TABLES `misc_project_employee` WRITE;
/*!40000 ALTER TABLE `misc_project_employee` DISABLE KEYS */;
INSERT INTO `misc_project_employee` VALUES (16,30,20,23,'20/02/2023','0'),(17,31,22,26,'20/02/2023','0');
/*!40000 ALTER TABLE `misc_project_employee` ENABLE KEYS */;
UNLOCK TABLES;

--
-- Table structure for table `misc_project_finance`
--

DROP TABLE IF EXISTS `misc_project_finance`;
/*!40101 SET @saved_cs_client     = @@character_set_client */;
/*!50503 SET character_set_client = utf8mb4 */;
CREATE TABLE `misc_project_finance` (
  `mfid` int NOT NULL AUTO_INCREMENT,
  `mdeal_id` int NOT NULL,
  `totalamount` int DEFAULT NULL,
  `task` int NOT NULL,
  `amount_got` int DEFAULT NULL,
  `dateofpay` varchar(80) DEFAULT '0',
  `modeofpay` varchar(50) DEFAULT NULL,
  PRIMARY KEY (`mfid`),
  KEY `mdeal_id` (`mdeal_id`),
  KEY `task` (`task`),
  CONSTRAINT `misc_project_finance_ibfk_1` FOREIGN KEY (`mdeal_id`) REFERENCES `single_deal` (`sdid`),
  CONSTRAINT `misc_project_finance_ibfk_2` FOREIGN KEY (`task`) REFERENCES `mis_subtask` (`msub_task_id`)
) ENGINE=InnoDB AUTO_INCREMENT=33 DEFAULT CHARSET=utf8mb4 COLLATE=utf8mb4_0900_ai_ci;
/*!40101 SET character_set_client = @saved_cs_client */;

--
-- Dumping data for table `misc_project_finance`
--

LOCK TABLES `misc_project_finance` WRITE;
/*!40000 ALTER TABLE `misc_project_finance` DISABLE KEYS */;
INSERT INTO `misc_project_finance` VALUES (31,30,45000,20,1,'0',NULL),(32,31,0,22,0,'0',NULL);
/*!40000 ALTER TABLE `misc_project_finance` ENABLE KEYS */;
UNLOCK TABLES;

--
-- Table structure for table `misc_project_subtask`
--

DROP TABLE IF EXISTS `misc_project_subtask`;
/*!40101 SET @saved_cs_client     = @@character_set_client */;
/*!50503 SET character_set_client = utf8mb4 */;
CREATE TABLE `misc_project_subtask` (
  `mpstid` int NOT NULL AUTO_INCREMENT,
  `mdeal_id` int DEFAULT NULL,
  `mstask_id` int DEFAULT NULL,
  `mstask_status` varchar(50) DEFAULT 'not started',
  `dateofdeadline` varchar(50) DEFAULT '0',
  `dateofcomplete` varchar(50) DEFAULT '0',
  PRIMARY KEY (`mpstid`),
  KEY `mdeal_id` (`mdeal_id`),
  KEY `mstask_id` (`mstask_id`),
  CONSTRAINT `misc_project_subtask_ibfk_1` FOREIGN KEY (`mdeal_id`) REFERENCES `single_deal` (`sdid`),
  CONSTRAINT `misc_project_subtask_ibfk_2` FOREIGN KEY (`mstask_id`) REFERENCES `mis_subtask` (`msub_task_id`)
) ENGINE=InnoDB AUTO_INCREMENT=32 DEFAULT CHARSET=utf8mb4 COLLATE=utf8mb4_0900_ai_ci;
/*!40101 SET character_set_client = @saved_cs_client */;

--
-- Dumping data for table `misc_project_subtask`
--

LOCK TABLES `misc_project_subtask` WRITE;
/*!40000 ALTER TABLE `misc_project_subtask` DISABLE KEYS */;
INSERT INTO `misc_project_subtask` VALUES (30,30,20,'On Progress','30/09/2013','0'),(31,31,22,'On Progress','30/09/2013','28/03/2033');
/*!40000 ALTER TABLE `misc_project_subtask` ENABLE KEYS */;
UNLOCK TABLES;

--
-- Table structure for table `normal_project_cat`
--

DROP TABLE IF EXISTS `normal_project_cat`;
/*!40101 SET @saved_cs_client     = @@character_set_client */;
/*!50503 SET character_set_client = utf8mb4 */;
CREATE TABLE `normal_project_cat` (
  `npcid` int NOT NULL AUTO_INCREMENT,
  `ndeal_id` bigint DEFAULT NULL,
  `category_id` int DEFAULT NULL,
  `cat_status` varchar(50) DEFAULT 'pending',
  `project_status` varchar(60) DEFAULT 'pending',
  `dateofdeadline` varchar(80) DEFAULT '0',
  `dateofpostponed` varchar(80) DEFAULT '0',
  `dateofcomplete` varchar(50) DEFAULT '0',
  PRIMARY KEY (`npcid`),
  KEY `category_id` (`category_id`),
  KEY `ndeal_id` (`ndeal_id`),
  CONSTRAINT `normal_project_cat_ibfk_1` FOREIGN KEY (`category_id`) REFERENCES `task` (`task_id`) ON DELETE CASCADE ON UPDATE RESTRICT,
  CONSTRAINT `normal_project_cat_ibfk_2` FOREIGN KEY (`ndeal_id`) REFERENCES `deals` (`id`) ON DELETE CASCADE ON UPDATE RESTRICT
) ENGINE=InnoDB AUTO_INCREMENT=929 DEFAULT CHARSET=utf8mb4 COLLATE=utf8mb4_0900_ai_ci;
/*!40101 SET character_set_client = @saved_cs_client */;

--
-- Dumping data for table `normal_project_cat`
--

LOCK TABLES `normal_project_cat` WRITE;
/*!40000 ALTER TABLE `normal_project_cat` DISABLE KEYS */;
INSERT INTO `normal_project_cat` VALUES (891,341,1,'pending','pending','not set yet','0','0'),(892,341,3,'pending','pending','not set yet','0','0'),(893,342,1,'pending','pending','not set yet','0','0'),(894,342,2,'pending','pending','not set yet','0','0'),(895,342,3,'pending','pending','not set yet','0','0'),(896,343,1,'pending','pending','not set yet','0','0'),(897,343,2,'pending','pending','not set yet','0','0'),(898,343,3,'pending','pending','not set yet','0','0'),(899,344,1,'pending','pending','not set yet','0','0'),(900,344,3,'pending','pending','not set yet','0','0'),(901,345,1,'pending','pending','not set yet','0','0'),(902,345,2,'pending','pending','not set yet','0','0'),(903,345,3,'pending','pending','not set yet','0','0'),(904,346,1,'pending','pending','not set yet','0','0'),(905,346,2,'pending','pending','not set yet','0','0'),(906,346,3,'pending','pending','not set yet','0','0'),(910,348,1,'On Progress','On Progress','not set yet','0','0'),(911,348,3,'pending','pending','not set yet','0','0'),(912,349,1,'pending','pending','not set yet','0','0'),(913,349,2,'pending','pending','not set yet','0','0'),(914,349,3,'pending','pending','not set yet','0','0'),(918,351,1,'On Progress','On Progress','12/3/9','0','0'),(919,351,2,'completed','completed','not set yet','0','0'),(920,355,1,'pending','pending','not set yet','0','0'),(921,355,2,'pending','pending','not set yet','0','0'),(922,355,3,'pending','pending','not set yet','0','0'),(926,357,1,'pending','pending','not set yet','0','0'),(927,357,2,'pending','pending','not set yet','0','0'),(928,357,3,'pending','pending','not set yet','0','0');
/*!40000 ALTER TABLE `normal_project_cat` ENABLE KEYS */;
UNLOCK TABLES;

--
-- Table structure for table `normal_project_employee`
--

DROP TABLE IF EXISTS `normal_project_employee`;
/*!40101 SET @saved_cs_client     = @@character_set_client */;
/*!50503 SET character_set_client = utf8mb4 */;
CREATE TABLE `normal_project_employee` (
  `npeid` int NOT NULL AUTO_INCREMENT,
  `ndeal_id` bigint DEFAULT NULL,
  `category_id` int DEFAULT NULL,
  `emid` int DEFAULT NULL,
  `dateofassign` varchar(50) DEFAULT '0',
  `dateofremove` varchar(50) DEFAULT '0',
  `npcid` int DEFAULT NULL,
  PRIMARY KEY (`npeid`),
  UNIQUE KEY `node` (`ndeal_id`,`category_id`,`emid`),
  KEY `ndeal_id` (`ndeal_id`),
  KEY `category_id` (`category_id`),
  KEY `emid` (`emid`),
  CONSTRAINT `normal_project_employee_ibfk_1` FOREIGN KEY (`ndeal_id`) REFERENCES `deals` (`id`) ON DELETE CASCADE ON UPDATE RESTRICT,
  CONSTRAINT `normal_project_employee_ibfk_2` FOREIGN KEY (`category_id`) REFERENCES `task` (`task_id`) ON DELETE CASCADE ON UPDATE RESTRICT,
  CONSTRAINT `normal_project_employee_ibfk_3` FOREIGN KEY (`emid`) REFERENCES `employee` (`em_id`) ON DELETE CASCADE ON UPDATE RESTRICT
) ENGINE=InnoDB AUTO_INCREMENT=77 DEFAULT CHARSET=utf8mb4 COLLATE=utf8mb4_0900_ai_ci;
/*!40101 SET character_set_client = @saved_cs_client */;

--
-- Dumping data for table `normal_project_employee`
--

LOCK TABLES `normal_project_employee` WRITE;
/*!40000 ALTER TABLE `normal_project_employee` DISABLE KEYS */;
INSERT INTO `normal_project_employee` VALUES (68,341,3,29,'20/02/2023','0',892),(70,341,1,21,'20/02/2023','0',891),(71,348,1,21,'20/02/2023','0',910),(72,348,3,29,'20/02/2023','0',911);
/*!40000 ALTER TABLE `normal_project_employee` ENABLE KEYS */;
UNLOCK TABLES;

--
-- Table structure for table `normal_project_subtask`
--

DROP TABLE IF EXISTS `normal_project_subtask`;
/*!40101 SET @saved_cs_client     = @@character_set_client */;
/*!50503 SET character_set_client = utf8mb4 */;
CREATE TABLE `normal_project_subtask` (
  `npstid` int NOT NULL AUTO_INCREMENT,
  `ndeal_id` bigint DEFAULT NULL,
  `category_id` int DEFAULT NULL,
  `stask_id` int DEFAULT NULL,
  `stask_status` varchar(50) DEFAULT 'not started',
  `dateofcomplete` varchar(50) DEFAULT '0',
  PRIMARY KEY (`npstid`),
  KEY `ndeal_id` (`ndeal_id`),
  KEY `stask_id` (`stask_id`),
  CONSTRAINT `normal_project_subtask_ibfk_1` FOREIGN KEY (`ndeal_id`) REFERENCES `deals` (`id`) ON DELETE CASCADE ON UPDATE RESTRICT,
  CONSTRAINT `normal_project_subtask_ibfk_2` FOREIGN KEY (`stask_id`) REFERENCES `subtask` (`sub_task_id`) ON DELETE CASCADE ON UPDATE RESTRICT
) ENGINE=InnoDB AUTO_INCREMENT=57 DEFAULT CHARSET=utf8mb4 COLLATE=utf8mb4_0900_ai_ci;
/*!40101 SET character_set_client = @saved_cs_client */;

--
-- Dumping data for table `normal_project_subtask`
--

LOCK TABLES `normal_project_subtask` WRITE;
/*!40000 ALTER TABLE `normal_project_subtask` DISABLE KEYS */;
INSERT INTO `normal_project_subtask` VALUES (52,351,1,20,'completed','0'),(53,341,1,20,'not  started','0'),(54,341,3,20,'not started','0'),(55,351,1,20,'not started','0'),(56,351,1,21,'not started','0');
/*!40000 ALTER TABLE `normal_project_subtask` ENABLE KEYS */;
UNLOCK TABLES;

--
-- Table structure for table `normal_projects_finance`
--

DROP TABLE IF EXISTS `normal_projects_finance`;
/*!40101 SET @saved_cs_client     = @@character_set_client */;
/*!50503 SET character_set_client = utf8mb4 */;
CREATE TABLE `normal_projects_finance` (
  `fid` bigint NOT NULL AUTO_INCREMENT,
  `ndeal_id` bigint NOT NULL,
  `totalamount` int DEFAULT NULL,
  `task` int DEFAULT NULL,
  `amount_got` int DEFAULT '0',
  `dateofpay` varchar(50) DEFAULT NULL,
  `modeofpay` varchar(15) DEFAULT NULL,
  PRIMARY KEY (`fid`),
  KEY `ndeal_id` (`ndeal_id`),
  KEY `task` (`task`),
  CONSTRAINT `normal_projects_finance_ibfk_1` FOREIGN KEY (`ndeal_id`) REFERENCES `deals` (`id`) ON DELETE CASCADE ON UPDATE CASCADE,
  CONSTRAINT `normal_projects_finance_ibfk_2` FOREIGN KEY (`task`) REFERENCES `task` (`task_id`) ON DELETE CASCADE ON UPDATE CASCADE
) ENGINE=InnoDB AUTO_INCREMENT=913 DEFAULT CHARSET=utf8mb4 COLLATE=utf8mb4_0900_ai_ci;
/*!40101 SET character_set_client = @saved_cs_client */;

--
-- Dumping data for table `normal_projects_finance`
--

LOCK TABLES `normal_projects_finance` WRITE;
/*!40000 ALTER TABLE `normal_projects_finance` DISABLE KEYS */;
INSERT INTO `normal_projects_finance` VALUES (875,341,18000,1,0,NULL,NULL),(876,341,18000,3,0,NULL,NULL),(877,342,25000,1,0,NULL,NULL),(878,342,25000,2,0,NULL,NULL),(879,342,25000,3,0,NULL,NULL),(880,343,30000,1,0,NULL,NULL),(881,343,30000,2,0,NULL,NULL),(882,343,30000,3,0,NULL,NULL),(883,344,30000,1,0,NULL,NULL),(884,344,30000,3,0,NULL,NULL),(885,345,30000,1,0,NULL,NULL),(886,345,30000,2,0,NULL,NULL),(887,345,30000,3,0,NULL,NULL),(888,346,25000,1,0,NULL,NULL),(889,346,25000,2,0,NULL,NULL),(890,346,25000,3,0,NULL,NULL),(894,348,41000,1,0,NULL,NULL),(895,348,41000,3,0,NULL,NULL),(896,349,30000,1,0,NULL,NULL),(897,349,30000,2,0,NULL,NULL),(898,349,30000,3,0,NULL,NULL),(902,351,15000,1,0,NULL,NULL),(903,351,15000,2,0,NULL,NULL),(904,351,NULL,1,7500,'12/7/25','cash'),(905,351,NULL,1,7500,'12/7/25','cash'),(906,351,NULL,1,5000,'12/09/25','cash'),(907,355,56120,1,0,NULL,NULL),(908,355,56120,2,0,NULL,NULL),(909,355,56120,3,1,NULL,NULL),(910,355,NULL,1,5000,'12/08/25','cash'),(911,355,NULL,1,8000,'12/08/25','online'),(912,357,NULL,1,8000,'12/08/25','online');
/*!40000 ALTER TABLE `normal_projects_finance` ENABLE KEYS */;
UNLOCK TABLES;

--
-- Table structure for table `single_deal`
--

DROP TABLE IF EXISTS `single_deal`;
/*!40101 SET @saved_cs_client     = @@character_set_client */;
/*!50503 SET character_set_client = utf8mb4 */;
CREATE TABLE `single_deal` (
  `sdid` int NOT NULL AUTO_INCREMENT,
  `sdeal_name` varchar(200) DEFAULT NULL,
  `reference_no` varchar(20) DEFAULT NULL,
  `contact` varchar(20) DEFAULT NULL,
  `agreement_amount` int DEFAULT NULL,
  `work_name` varchar(300) DEFAULT NULL,
  `email` varchar(80) DEFAULT NULL,
  `city` varchar(50) DEFAULT NULL,
  `total_price` int DEFAULT NULL,
  `mp_deadline` varchar(30) DEFAULT NULL,
  PRIMARY KEY (`sdid`)
) ENGINE=InnoDB AUTO_INCREMENT=32 DEFAULT CHARSET=utf8mb4 COLLATE=utf8mb4_0900_ai_ci;
/*!40101 SET character_set_client = @saved_cs_client */;

--
-- Dumping data for table `single_deal`
--

LOCK TABLES `single_deal` WRITE;
/*!40000 ALTER TABLE `single_deal` DISABLE KEYS */;
INSERT INTO `single_deal` VALUES (30,'Giri Kr. Bora','227','NA',0,'Interior working Drawing + 3D ','NA','Laukhuwa Road, Green Land Nagaon ( Assam )',45000,'13/12/2024'),(31,'Pranab Das ','NA','NA',0,'Permission','NA','Pranab Das',0,'23/12/2024');
/*!40000 ALTER TABLE `single_deal` ENABLE KEYS */;
UNLOCK TABLES;

--
-- Table structure for table `subtask`
--

DROP TABLE IF EXISTS `subtask`;
/*!40101 SET @saved_cs_client     = @@character_set_client */;
/*!50503 SET character_set_client = utf8mb4 */;
CREATE TABLE `subtask` (
  `sub_task_id` int NOT NULL AUTO_INCREMENT,
  `task_id` int DEFAULT NULL,
  `sub_task_name` varchar(100) DEFAULT NULL,
  PRIMARY KEY (`sub_task_id`),
  KEY `task_id` (`task_id`),
  CONSTRAINT `subtask_ibfk_1` FOREIGN KEY (`task_id`) REFERENCES `task` (`task_id`)
) ENGINE=InnoDB AUTO_INCREMENT=22 DEFAULT CHARSET=utf8mb4 COLLATE=utf8mb4_0900_ai_ci;
/*!40101 SET character_set_client = @saved_cs_client */;

--
-- Dumping data for table `subtask`
--

LOCK TABLES `subtask` WRITE;
/*!40000 ALTER TABLE `subtask` DISABLE KEYS */;
INSERT INTO `subtask` VALUES (20,NULL,'Exterior 3D'),(21,NULL,'');
/*!40000 ALTER TABLE `subtask` ENABLE KEYS */;
UNLOCK TABLES;

--
-- Table structure for table `task`
--

DROP TABLE IF EXISTS `task`;
/*!40101 SET @saved_cs_client     = @@character_set_client */;
/*!50503 SET character_set_client = utf8mb4 */;
CREATE TABLE `task` (
  `task_id` int NOT NULL AUTO_INCREMENT,
  `task_name` varchar(100) DEFAULT NULL,
  PRIMARY KEY (`task_id`)
) ENGINE=InnoDB AUTO_INCREMENT=4 DEFAULT CHARSET=utf8mb4 COLLATE=utf8mb4_0900_ai_ci;
/*!40101 SET character_set_client = @saved_cs_client */;

--
-- Dumping data for table `task`
--

LOCK TABLES `task` WRITE;
/*!40000 ALTER TABLE `task` DISABLE KEYS */;
INSERT INTO `task` VALUES (1,'Architecture'),(2,'Structural'),(3,'Design');
/*!40000 ALTER TABLE `task` ENABLE KEYS */;
UNLOCK TABLES;
/*!40103 SET TIME_ZONE=@OLD_TIME_ZONE */;

/*!40101 SET SQL_MODE=@OLD_SQL_MODE */;
/*!40014 SET FOREIGN_KEY_CHECKS=@OLD_FOREIGN_KEY_CHECKS */;
/*!40014 SET UNIQUE_CHECKS=@OLD_UNIQUE_CHECKS */;
/*!40101 SET CHARACTER_SET_CLIENT=@OLD_CHARACTER_SET_CLIENT */;
/*!40101 SET CHARACTER_SET_RESULTS=@OLD_CHARACTER_SET_RESULTS */;
/*!40101 SET COLLATION_CONNECTION=@OLD_COLLATION_CONNECTION */;
/*!40111 SET SQL_NOTES=@OLD_SQL_NOTES */;

-- Dump completed on 2025-08-11 17:33:06
