-- phpMyAdmin SQL Dump
-- version 5.2.2
-- https://www.phpmyadmin.net/
--
-- Host: localhost:3306
-- Generation Time: Sep 19, 2025 at 05:34 AM
-- Server version: 8.0.40
-- PHP Version: 8.3.16

SET SQL_MODE = "NO_AUTO_VALUE_ON_ZERO";
START TRANSACTION;
SET time_zone = "+00:00";


/*!40101 SET @OLD_CHARACTER_SET_CLIENT=@@CHARACTER_SET_CLIENT */;
/*!40101 SET @OLD_CHARACTER_SET_RESULTS=@@CHARACTER_SET_RESULTS */;
/*!40101 SET @OLD_COLLATION_CONNECTION=@@COLLATION_CONNECTION */;
/*!40101 SET NAMES utf8mb4 */;

--
-- Database: `archdb`
--

-- --------------------------------------------------------

--
-- Table structure for table `adminauth`
--

CREATE TABLE `adminauth` (
  `adm_id` int NOT NULL,
  `name` varchar(80) DEFAULT NULL,
  `email` varchar(80) DEFAULT NULL,
  `password` varchar(255) DEFAULT NULL,
  `role` varchar(10) DEFAULT 'admin'
) ENGINE=InnoDB DEFAULT CHARSET=utf8mb4 COLLATE=utf8mb4_0900_ai_ci;

--
-- Dumping data for table `adminauth`
--

INSERT INTO `adminauth` (`adm_id`, `name`, `email`, `password`, `role`) VALUES
(1, 'msi', 'msi@gmail.com', '77ee3625f508f3051360327fb67668b2ba769f13f56599bb45a4a923bb850c49', 'admin'),
(2, 'Ebah Admin', 'ebahconsultancy@gmail.com', 'd4bdabc3fb157168245dbbb4c0a6ca1aec159d74d05345669abed869a9e48555', 'admin'),
(3, 'Ebah CA', 'ebah.ca@gmail.com', '8e7ab890c2fcd0abffbdfe2741381cbd0cc75a8549478efe9e7bb79e6f1536bb', 'ca');

-- --------------------------------------------------------

--
-- Table structure for table `amount_split`
--

CREATE TABLE `amount_split` (
  `cid` int NOT NULL,
  `splitvalue` varchar(100) DEFAULT NULL
) ENGINE=InnoDB DEFAULT CHARSET=utf8mb4 COLLATE=utf8mb4_0900_ai_ci;

--
-- Dumping data for table `amount_split`
--

INSERT INTO `amount_split` (`cid`, `splitvalue`) VALUES
(21, '5:5:0'),
(22, '4:3:3'),
(23, '8:2:0'),
(24, '5:5:0');

-- --------------------------------------------------------

--
-- Table structure for table `deals`
--

CREATE TABLE `deals` (
  `id` bigint NOT NULL,
  `deal_name` varchar(200) DEFAULT NULL,
  `reference_no` varchar(20) DEFAULT NULL,
  `contact` varchar(20) DEFAULT NULL,
  `agreement_amount` int DEFAULT NULL,
  `work_name` varchar(300) DEFAULT NULL,
  `email` varchar(80) DEFAULT NULL,
  `city` varchar(50) DEFAULT NULL,
  `total_price` int DEFAULT NULL,
  `np_deadline` varchar(30) DEFAULT NULL,
  `split` varchar(100) DEFAULT NULL,
  `category` varchar(55) DEFAULT NULL
) ENGINE=InnoDB DEFAULT CHARSET=utf8mb4 COLLATE=utf8mb4_0900_ai_ci;

--
-- Dumping data for table `deals`
--

INSERT INTO `deals` (`id`, `deal_name`, `reference_no`, `contact`, `agreement_amount`, `work_name`, `email`, `city`, `total_price`, `np_deadline`, `split`, `category`) VALUES
(341, 'Rohit Bharali', '228', '8473905440', 0, 'Proposed First Floor Plan & Exterior View', 'NA', 'Six Mile, Guwahati', 18000, '21/12/2024', '5:5:0', NULL),
(342, 'Niva Kakati', '229', '7002163729', 0, 'Proposed G+1 Residential Building', 'NA', 'Raha, Nagaon ( Assam )', 25000, '23/12/2024', '4:4:2', NULL),
(343, 'Amulya Debnath', '226', '7002659850', 0, 'Proposed G+2 Residential Building', 'NA', 'Lawkhuwa Road, Nagaon (Assam )', 30000, '13/12/2024', '4:4:2', NULL),
(344, 'Rahul Hazarika', '225', '7002778094', 10000, 'Proposed First Floor Plan & Exterior View', 'NA', 'Morikolong Borghat, Nagaon (Assam )', 30000, '09/12/2024', '5:5:0', NULL),
(345, 'Rana Sabakat', '224', '8011821503', 10000, 'Proposed G+2 Residential Building', 'NA', 'Rangagara, Nagaon ( Assam )', 30000, '06/12/2024', '4:4:2', NULL),
(346, 'Pamir Rajbanshi', '223', '8638559002', 0, 'Proposed G+2 Residential Building', 'NA', 'Raha, Nagaon ( Assam )', 25000, '05/12/2024', '4:4:2', NULL),
(348, 'ADP College', '222', 'NA', 2050, 'Proposed Floor Plan of the block A, B, C, D ', 'NA', 'Nagaon, (Assam)', 41000, '27/11/2024', '5:5:0', NULL),
(349, 'Pradip Ch. Saha', '221', '9101014626', 0, 'Proposed G+2 Residential Building', 'NA', 'Footmart Lanka Nagaon, (Assam)', 30000, '25/11/2024', '4:4:2', NULL),
(351, 'Lakhyajit Sharma', '219', '8099036834', 7500, 'G+1 R.C.C Residential Building', 'NA', 'Borachuk, Puranigudam, Nagaon (Assam )', 15000, '22/1/2024', '5:5:0', NULL),
(355, 'msi', '56458', NULL, 5648, NULL, 'msi@gmail.com', NULL, 56120, '12/09/325', '5:5:0', NULL),
(357, 'msi2', '94010', NULL, 15000, NULL, 'msi@gmail.com', NULL, 3000, '12/05/2025', '4:4:2', NULL),
(358, 'Mintu Sharma', 'NV-154', NULL, 1500, NULL, 'mr.roboxe@gmail.com', NULL, 15000, '16/09/2025', '5:5:0', 'new');

-- --------------------------------------------------------

--
-- Table structure for table `empattendance`
--

CREATE TABLE `empattendance` (
  `January` char(1) DEFAULT NULL,
  `February` char(1) DEFAULT NULL,
  `March` char(1) DEFAULT NULL,
  `April` char(1) DEFAULT NULL,
  `May` char(1) DEFAULT NULL,
  `June` char(1) DEFAULT NULL,
  `July` char(1) DEFAULT NULL,
  `August` char(1) DEFAULT NULL,
  `September` char(1) DEFAULT NULL,
  `October` char(1) DEFAULT NULL,
  `November` char(1) DEFAULT NULL,
  `December` char(1) DEFAULT NULL,
  `id` int NOT NULL,
  `empID` int NOT NULL,
  `date` varchar(10) NOT NULL,
  `year` varchar(6) DEFAULT NULL
) ENGINE=InnoDB DEFAULT CHARSET=utf8mb4 COLLATE=utf8mb4_0900_ai_ci;

--
-- Dumping data for table `empattendance`
--

INSERT INTO `empattendance` (`January`, `February`, `March`, `April`, `May`, `June`, `July`, `August`, `September`, `October`, `November`, `December`, `id`, `empID`, `date`, `year`) VALUES
(NULL, 'P', NULL, NULL, NULL, NULL, NULL, NULL, NULL, NULL, NULL, NULL, 528, 20, '1', '2025'),
('P', NULL, NULL, NULL, NULL, NULL, NULL, NULL, NULL, NULL, NULL, NULL, 529, 20, '2', '2025'),
('P', NULL, NULL, NULL, NULL, NULL, NULL, NULL, NULL, NULL, NULL, NULL, 530, 20, '3', '2025'),
('P', NULL, NULL, NULL, NULL, NULL, NULL, NULL, NULL, NULL, NULL, NULL, 531, 20, '4', '2025'),
(NULL, NULL, NULL, NULL, NULL, NULL, NULL, NULL, NULL, NULL, NULL, NULL, 532, 20, '5', NULL),
(NULL, NULL, NULL, NULL, NULL, NULL, NULL, NULL, NULL, NULL, NULL, NULL, 533, 20, '6', NULL),
('P', NULL, NULL, NULL, NULL, NULL, NULL, NULL, NULL, NULL, NULL, NULL, 534, 20, '7', '2025'),
(NULL, NULL, NULL, NULL, NULL, NULL, NULL, NULL, NULL, NULL, NULL, NULL, 535, 20, '8', NULL),
(NULL, NULL, NULL, NULL, NULL, NULL, NULL, NULL, NULL, NULL, NULL, NULL, 536, 20, '9', NULL),
('P', NULL, 'P', NULL, NULL, NULL, NULL, NULL, NULL, NULL, NULL, NULL, 537, 20, '10', '2025'),
(NULL, NULL, NULL, NULL, NULL, NULL, NULL, NULL, NULL, NULL, NULL, NULL, 538, 20, '11', NULL),
(NULL, NULL, NULL, NULL, NULL, NULL, NULL, NULL, NULL, NULL, NULL, NULL, 539, 20, '12', NULL),
(NULL, NULL, NULL, NULL, NULL, NULL, NULL, NULL, NULL, NULL, NULL, NULL, 540, 20, '13', NULL),
(NULL, NULL, NULL, NULL, NULL, NULL, NULL, NULL, NULL, NULL, NULL, NULL, 541, 20, '14', NULL),
('P', NULL, NULL, NULL, NULL, NULL, NULL, NULL, NULL, NULL, NULL, NULL, 542, 20, '15', '2025'),
(NULL, NULL, NULL, NULL, NULL, NULL, NULL, NULL, NULL, NULL, NULL, NULL, 543, 20, '16', NULL),
(NULL, NULL, NULL, NULL, NULL, NULL, NULL, NULL, NULL, NULL, NULL, NULL, 544, 20, '17', NULL),
(NULL, NULL, NULL, NULL, NULL, NULL, NULL, NULL, NULL, NULL, NULL, 'P', 545, 20, '18', '2024'),
(NULL, NULL, NULL, NULL, NULL, NULL, NULL, NULL, NULL, NULL, NULL, NULL, 546, 20, '19', NULL),
(NULL, NULL, NULL, NULL, NULL, NULL, NULL, NULL, NULL, NULL, NULL, NULL, 547, 20, '20', NULL),
('P', NULL, NULL, NULL, NULL, NULL, NULL, NULL, NULL, NULL, NULL, NULL, 548, 20, '21', '2025'),
('P', NULL, NULL, NULL, NULL, NULL, NULL, NULL, NULL, NULL, NULL, NULL, 549, 20, '22', '2025'),
('P', NULL, NULL, NULL, NULL, NULL, NULL, NULL, NULL, NULL, NULL, 'P', 550, 20, '23', '2025'),
(NULL, NULL, NULL, NULL, NULL, NULL, NULL, NULL, NULL, NULL, NULL, 'P', 551, 20, '24', '2024'),
('P', NULL, NULL, NULL, NULL, NULL, NULL, NULL, NULL, NULL, NULL, NULL, 552, 20, '25', '2025'),
(NULL, NULL, NULL, NULL, NULL, NULL, NULL, NULL, NULL, NULL, NULL, NULL, 553, 20, '26', NULL),
(NULL, NULL, NULL, NULL, NULL, NULL, NULL, NULL, NULL, NULL, NULL, 'P', 554, 20, '27', '2024'),
(NULL, NULL, NULL, NULL, NULL, NULL, NULL, NULL, NULL, NULL, NULL, 'P', 555, 20, '28', '2024'),
(NULL, NULL, NULL, NULL, NULL, NULL, NULL, NULL, NULL, NULL, NULL, NULL, 556, 20, '29', NULL),
(NULL, NULL, NULL, NULL, NULL, NULL, NULL, NULL, NULL, NULL, NULL, NULL, 557, 20, '30', NULL),
('P', NULL, NULL, NULL, NULL, NULL, NULL, NULL, NULL, NULL, NULL, 'P', 558, 20, '31', '2025'),
(NULL, 'P', NULL, NULL, NULL, NULL, NULL, NULL, NULL, NULL, NULL, NULL, 559, 21, '1', '2025'),
('P', NULL, NULL, NULL, NULL, NULL, NULL, NULL, NULL, NULL, NULL, NULL, 560, 21, '2', '2025'),
(NULL, NULL, NULL, NULL, NULL, NULL, NULL, NULL, NULL, NULL, NULL, NULL, 561, 21, '3', NULL),
(NULL, NULL, NULL, NULL, NULL, NULL, NULL, NULL, NULL, NULL, NULL, NULL, 562, 21, '4', NULL),
(NULL, NULL, NULL, NULL, NULL, NULL, NULL, NULL, NULL, NULL, NULL, NULL, 563, 21, '5', NULL),
('P', NULL, NULL, NULL, NULL, NULL, NULL, NULL, NULL, NULL, NULL, NULL, 564, 21, '6', '2025'),
('P', NULL, NULL, NULL, NULL, NULL, NULL, NULL, NULL, NULL, NULL, NULL, 565, 21, '7', '2025'),
('P', NULL, NULL, NULL, NULL, NULL, NULL, NULL, NULL, NULL, NULL, NULL, 566, 21, '8', '2025'),
(NULL, NULL, NULL, NULL, NULL, NULL, NULL, NULL, NULL, NULL, NULL, NULL, 567, 21, '9', NULL),
(NULL, NULL, NULL, NULL, NULL, NULL, NULL, NULL, NULL, NULL, NULL, NULL, 568, 21, '10', NULL),
(NULL, NULL, NULL, NULL, NULL, NULL, NULL, NULL, NULL, NULL, NULL, NULL, 569, 21, '11', NULL),
(NULL, NULL, NULL, NULL, NULL, NULL, NULL, NULL, NULL, NULL, NULL, NULL, 570, 21, '12', NULL),
(NULL, NULL, NULL, NULL, NULL, NULL, NULL, NULL, NULL, NULL, NULL, NULL, 571, 21, '13', NULL),
(NULL, NULL, NULL, NULL, NULL, NULL, NULL, NULL, NULL, NULL, NULL, NULL, 572, 21, '14', NULL),
('P', NULL, NULL, NULL, NULL, NULL, NULL, NULL, NULL, NULL, NULL, NULL, 573, 21, '15', '2025'),
(NULL, NULL, NULL, NULL, NULL, NULL, NULL, NULL, NULL, NULL, NULL, NULL, 574, 21, '16', NULL),
('P', NULL, NULL, NULL, NULL, NULL, NULL, NULL, NULL, NULL, NULL, NULL, 575, 21, '17', '2025'),
(NULL, NULL, NULL, NULL, NULL, NULL, NULL, NULL, NULL, NULL, NULL, NULL, 576, 21, '18', NULL),
(NULL, NULL, NULL, NULL, NULL, NULL, NULL, NULL, NULL, NULL, NULL, 'P', 577, 21, '19', '2024'),
('P', NULL, NULL, NULL, NULL, NULL, NULL, NULL, NULL, NULL, NULL, NULL, 578, 21, '20', '2025'),
('P', NULL, NULL, NULL, NULL, NULL, NULL, NULL, NULL, NULL, NULL, NULL, 579, 21, '21', '2025'),
(NULL, NULL, NULL, NULL, NULL, NULL, NULL, NULL, NULL, NULL, NULL, NULL, 580, 21, '22', NULL),
(NULL, NULL, NULL, NULL, NULL, NULL, NULL, NULL, NULL, NULL, NULL, 'P', 581, 21, '23', '2024'),
(NULL, NULL, NULL, NULL, NULL, NULL, NULL, NULL, NULL, NULL, NULL, 'P', 582, 21, '24', '2024'),
('P', NULL, NULL, NULL, NULL, NULL, NULL, NULL, NULL, NULL, NULL, NULL, 583, 21, '25', '2025'),
(NULL, NULL, NULL, NULL, NULL, NULL, NULL, NULL, NULL, NULL, NULL, 'P', 584, 21, '26', '2024'),
('P', NULL, NULL, NULL, NULL, NULL, NULL, NULL, NULL, NULL, NULL, 'P', 585, 21, '27', '2025'),
(NULL, 'P', NULL, NULL, NULL, NULL, NULL, NULL, NULL, NULL, NULL, 'P', 586, 21, '28', '2025'),
('P', NULL, NULL, NULL, NULL, NULL, NULL, NULL, NULL, NULL, NULL, NULL, 587, 21, '29', '2025'),
(NULL, NULL, NULL, NULL, NULL, NULL, NULL, NULL, NULL, NULL, NULL, NULL, 588, 21, '30', NULL),
(NULL, NULL, NULL, NULL, NULL, NULL, NULL, NULL, NULL, NULL, NULL, NULL, 589, 21, '31', NULL),
(NULL, 'P', 'P', NULL, NULL, NULL, NULL, NULL, NULL, NULL, NULL, NULL, 590, 22, '1', '2025'),
(NULL, NULL, NULL, NULL, NULL, NULL, NULL, NULL, NULL, NULL, NULL, NULL, 591, 22, '2', NULL),
(NULL, 'P', NULL, NULL, NULL, NULL, NULL, NULL, NULL, NULL, NULL, NULL, 592, 22, '3', '2025'),
(NULL, 'P', NULL, NULL, NULL, NULL, NULL, NULL, NULL, NULL, NULL, NULL, 593, 22, '4', '2025'),
(NULL, 'P', 'P', NULL, NULL, NULL, NULL, NULL, NULL, NULL, NULL, NULL, 594, 22, '5', '2025'),
(NULL, 'P', 'P', NULL, NULL, NULL, NULL, NULL, NULL, NULL, NULL, NULL, 595, 22, '6', '2025'),
(NULL, 'P', NULL, NULL, NULL, NULL, NULL, NULL, NULL, NULL, NULL, NULL, 596, 22, '7', '2025'),
(NULL, 'P', NULL, NULL, NULL, NULL, NULL, NULL, NULL, NULL, NULL, NULL, 597, 22, '8', '2025'),
(NULL, NULL, NULL, NULL, NULL, NULL, NULL, NULL, NULL, NULL, NULL, NULL, 598, 22, '9', NULL),
(NULL, 'P', NULL, NULL, NULL, NULL, NULL, NULL, NULL, NULL, NULL, NULL, 599, 22, '10', '2025'),
(NULL, NULL, NULL, NULL, NULL, NULL, NULL, NULL, NULL, NULL, NULL, NULL, 600, 22, '11', NULL),
(NULL, NULL, NULL, NULL, NULL, NULL, NULL, NULL, NULL, NULL, NULL, NULL, 601, 22, '12', NULL),
(NULL, 'P', NULL, NULL, NULL, NULL, NULL, NULL, NULL, NULL, NULL, NULL, 602, 22, '13', '2025'),
(NULL, NULL, NULL, NULL, NULL, NULL, NULL, NULL, NULL, NULL, NULL, NULL, 603, 22, '14', NULL),
('P', 'P', NULL, NULL, NULL, NULL, NULL, NULL, NULL, NULL, NULL, NULL, 604, 22, '15', '2025'),
('P', NULL, NULL, NULL, NULL, NULL, NULL, NULL, NULL, NULL, NULL, NULL, 605, 22, '16', '2025'),
('P', 'P', NULL, NULL, NULL, NULL, NULL, NULL, NULL, NULL, NULL, NULL, 606, 22, '17', '2025'),
(NULL, NULL, NULL, NULL, NULL, NULL, NULL, NULL, NULL, NULL, NULL, 'P', 607, 22, '18', '2024'),
(NULL, NULL, NULL, NULL, NULL, NULL, NULL, NULL, NULL, NULL, NULL, NULL, 608, 22, '19', NULL),
('P', 'P', NULL, NULL, NULL, NULL, NULL, NULL, NULL, NULL, NULL, 'P', 609, 22, '20', '2025'),
('P', NULL, NULL, NULL, NULL, NULL, NULL, NULL, NULL, NULL, NULL, NULL, 610, 22, '21', '2025'),
('P', NULL, NULL, NULL, NULL, NULL, NULL, NULL, NULL, NULL, NULL, NULL, 611, 22, '22', '2025'),
(NULL, NULL, NULL, NULL, NULL, NULL, NULL, NULL, NULL, NULL, NULL, NULL, 612, 22, '23', NULL),
('P', 'P', NULL, NULL, NULL, NULL, NULL, NULL, NULL, NULL, NULL, 'P', 613, 22, '24', '2025'),
('P', NULL, NULL, NULL, NULL, NULL, NULL, NULL, NULL, NULL, NULL, NULL, 614, 22, '25', '2025'),
(NULL, NULL, NULL, NULL, NULL, NULL, NULL, NULL, NULL, NULL, NULL, NULL, 615, 22, '26', NULL),
('P', NULL, NULL, NULL, NULL, NULL, NULL, NULL, NULL, NULL, NULL, 'P', 616, 22, '27', '2025'),
(NULL, 'P', NULL, NULL, NULL, NULL, NULL, NULL, NULL, NULL, NULL, 'P', 617, 22, '28', '2025'),
('P', NULL, NULL, NULL, NULL, NULL, NULL, NULL, NULL, NULL, NULL, NULL, 618, 22, '29', '2025'),
(NULL, NULL, NULL, NULL, NULL, NULL, NULL, NULL, NULL, NULL, NULL, 'P', 619, 22, '30', '2024'),
('P', NULL, NULL, NULL, NULL, NULL, NULL, NULL, NULL, NULL, NULL, NULL, 620, 22, '31', '2025'),
(NULL, 'P', NULL, NULL, NULL, NULL, NULL, NULL, NULL, NULL, NULL, NULL, 621, 23, '1', '2025'),
('P', NULL, NULL, NULL, NULL, NULL, NULL, NULL, NULL, NULL, NULL, NULL, 622, 23, '2', '2025'),
('P', 'P', NULL, NULL, NULL, NULL, NULL, NULL, NULL, NULL, NULL, NULL, 623, 23, '3', '2025'),
('P', 'P', NULL, NULL, NULL, NULL, NULL, NULL, NULL, NULL, NULL, NULL, 624, 23, '4', '2025'),
(NULL, 'P', NULL, NULL, NULL, NULL, NULL, NULL, NULL, NULL, NULL, NULL, 625, 23, '5', '2025'),
('P', NULL, NULL, NULL, NULL, NULL, NULL, NULL, NULL, NULL, NULL, NULL, 626, 23, '6', '2025'),
('P', 'P', NULL, NULL, NULL, NULL, NULL, NULL, NULL, NULL, NULL, NULL, 627, 23, '7', '2025'),
('P', 'P', NULL, NULL, NULL, NULL, NULL, NULL, NULL, NULL, NULL, NULL, 628, 23, '8', '2025'),
('P', NULL, NULL, NULL, NULL, NULL, NULL, NULL, NULL, NULL, NULL, NULL, 629, 23, '9', '2025'),
('P', NULL, NULL, NULL, NULL, NULL, NULL, NULL, NULL, NULL, NULL, NULL, 630, 23, '10', '2025'),
(NULL, NULL, NULL, NULL, NULL, NULL, NULL, NULL, NULL, NULL, NULL, NULL, 631, 23, '11', NULL),
(NULL, NULL, NULL, NULL, NULL, NULL, NULL, NULL, NULL, NULL, NULL, NULL, 632, 23, '12', NULL),
('P', NULL, NULL, NULL, NULL, NULL, NULL, NULL, NULL, NULL, NULL, NULL, 633, 23, '13', '2025'),
(NULL, NULL, NULL, NULL, NULL, NULL, NULL, NULL, NULL, NULL, NULL, NULL, 634, 23, '14', NULL),
('P', NULL, NULL, NULL, NULL, NULL, NULL, NULL, NULL, NULL, NULL, NULL, 635, 23, '15', '2025'),
('P', NULL, NULL, NULL, NULL, NULL, NULL, NULL, NULL, NULL, NULL, NULL, 636, 23, '16', '2025'),
('P', NULL, NULL, NULL, NULL, NULL, NULL, NULL, NULL, NULL, NULL, NULL, 637, 23, '17', '2025'),
(NULL, NULL, NULL, NULL, NULL, NULL, NULL, NULL, NULL, NULL, NULL, 'P', 638, 23, '18', '2024'),
(NULL, NULL, NULL, NULL, NULL, NULL, NULL, NULL, NULL, NULL, NULL, NULL, 639, 23, '19', NULL),
('P', NULL, NULL, NULL, NULL, NULL, NULL, NULL, NULL, NULL, NULL, NULL, 640, 23, '20', '2025'),
('P', NULL, NULL, NULL, NULL, NULL, NULL, NULL, NULL, NULL, NULL, NULL, 641, 23, '21', '2025'),
('P', NULL, NULL, NULL, NULL, NULL, NULL, NULL, NULL, NULL, NULL, NULL, 642, 23, '22', '2025'),
('P', NULL, NULL, NULL, NULL, NULL, NULL, NULL, NULL, NULL, NULL, 'P', 643, 23, '23', '2025'),
('P', NULL, NULL, NULL, NULL, NULL, NULL, NULL, NULL, NULL, NULL, 'P', 644, 23, '24', '2025'),
(NULL, NULL, NULL, NULL, NULL, NULL, NULL, NULL, NULL, NULL, NULL, NULL, 645, 23, '25', NULL),
(NULL, NULL, NULL, NULL, NULL, NULL, NULL, NULL, NULL, NULL, NULL, NULL, 646, 23, '26', NULL),
('P', NULL, NULL, NULL, NULL, NULL, NULL, NULL, NULL, NULL, NULL, 'P', 647, 23, '27', '2025'),
('P', NULL, NULL, NULL, NULL, NULL, NULL, NULL, NULL, NULL, NULL, NULL, 648, 23, '28', '2025'),
('P', NULL, NULL, NULL, NULL, NULL, NULL, NULL, NULL, NULL, NULL, NULL, 649, 23, '29', '2025'),
('P', NULL, NULL, NULL, NULL, NULL, NULL, NULL, NULL, NULL, NULL, 'P', 650, 23, '30', '2025'),
('P', NULL, NULL, NULL, NULL, NULL, NULL, NULL, NULL, NULL, NULL, NULL, 651, 23, '31', '2025'),
(NULL, NULL, NULL, NULL, NULL, NULL, NULL, NULL, NULL, NULL, NULL, NULL, 652, 24, '1', NULL),
(NULL, NULL, NULL, NULL, NULL, NULL, NULL, NULL, NULL, NULL, NULL, NULL, 653, 24, '2', NULL),
(NULL, NULL, NULL, NULL, NULL, NULL, NULL, NULL, NULL, NULL, NULL, NULL, 654, 24, '3', NULL),
(NULL, NULL, NULL, NULL, NULL, NULL, NULL, NULL, NULL, NULL, NULL, NULL, 655, 24, '4', NULL),
(NULL, NULL, NULL, NULL, NULL, NULL, NULL, NULL, NULL, NULL, NULL, NULL, 656, 24, '5', NULL),
(NULL, NULL, NULL, NULL, NULL, NULL, NULL, NULL, NULL, NULL, NULL, NULL, 657, 24, '6', NULL),
(NULL, NULL, NULL, NULL, NULL, NULL, NULL, NULL, NULL, NULL, NULL, NULL, 658, 24, '7', NULL),
(NULL, NULL, NULL, NULL, NULL, NULL, NULL, NULL, NULL, NULL, NULL, NULL, 659, 24, '8', NULL),
(NULL, NULL, NULL, NULL, NULL, NULL, NULL, NULL, NULL, NULL, NULL, NULL, 660, 24, '9', NULL),
(NULL, NULL, NULL, NULL, NULL, NULL, NULL, NULL, NULL, NULL, NULL, NULL, 661, 24, '10', NULL),
(NULL, NULL, NULL, NULL, NULL, NULL, NULL, NULL, NULL, NULL, NULL, NULL, 662, 24, '11', NULL),
(NULL, NULL, NULL, NULL, NULL, NULL, NULL, NULL, NULL, NULL, NULL, NULL, 663, 24, '12', NULL),
(NULL, NULL, NULL, NULL, NULL, NULL, NULL, NULL, NULL, NULL, NULL, NULL, 664, 24, '13', NULL),
(NULL, NULL, NULL, NULL, NULL, NULL, NULL, NULL, NULL, NULL, NULL, NULL, 665, 24, '14', NULL),
(NULL, NULL, NULL, NULL, NULL, NULL, NULL, NULL, NULL, NULL, NULL, NULL, 666, 24, '15', NULL),
(NULL, NULL, NULL, NULL, NULL, NULL, NULL, NULL, NULL, NULL, NULL, NULL, 667, 24, '16', NULL),
(NULL, NULL, NULL, NULL, NULL, NULL, NULL, NULL, NULL, NULL, NULL, NULL, 668, 24, '17', NULL),
(NULL, NULL, NULL, NULL, NULL, NULL, NULL, NULL, NULL, NULL, NULL, NULL, 669, 24, '18', NULL),
(NULL, NULL, NULL, NULL, NULL, NULL, NULL, NULL, NULL, NULL, NULL, NULL, 670, 24, '19', NULL),
(NULL, NULL, NULL, NULL, NULL, NULL, NULL, NULL, NULL, NULL, NULL, NULL, 671, 24, '20', NULL),
(NULL, NULL, NULL, NULL, NULL, NULL, NULL, NULL, NULL, NULL, NULL, NULL, 672, 24, '21', NULL),
(NULL, NULL, NULL, NULL, NULL, NULL, NULL, NULL, NULL, NULL, NULL, NULL, 673, 24, '22', NULL),
(NULL, NULL, NULL, NULL, NULL, NULL, NULL, NULL, NULL, NULL, NULL, NULL, 674, 24, '23', NULL),
(NULL, NULL, NULL, NULL, NULL, NULL, NULL, NULL, NULL, NULL, NULL, NULL, 675, 24, '24', NULL),
(NULL, NULL, NULL, NULL, NULL, NULL, NULL, NULL, NULL, NULL, NULL, NULL, 676, 24, '25', NULL),
(NULL, NULL, NULL, NULL, NULL, NULL, NULL, NULL, NULL, NULL, NULL, NULL, 677, 24, '26', NULL),
(NULL, NULL, NULL, NULL, NULL, NULL, NULL, NULL, NULL, NULL, NULL, 'P', 678, 24, '27', '2024'),
(NULL, NULL, NULL, NULL, NULL, NULL, NULL, NULL, NULL, NULL, NULL, NULL, 679, 24, '28', NULL),
(NULL, NULL, NULL, NULL, NULL, NULL, NULL, NULL, NULL, NULL, NULL, NULL, 680, 24, '29', NULL),
(NULL, NULL, NULL, NULL, NULL, NULL, NULL, NULL, NULL, NULL, NULL, NULL, 681, 24, '30', NULL),
(NULL, NULL, NULL, NULL, NULL, NULL, NULL, NULL, NULL, NULL, NULL, NULL, 682, 24, '31', NULL),
(NULL, NULL, NULL, NULL, NULL, NULL, NULL, NULL, NULL, NULL, NULL, NULL, 683, 25, '1', NULL),
(NULL, NULL, NULL, NULL, NULL, NULL, NULL, NULL, NULL, NULL, NULL, NULL, 684, 25, '2', NULL),
(NULL, NULL, NULL, NULL, NULL, NULL, NULL, NULL, NULL, NULL, NULL, NULL, 685, 25, '3', NULL),
(NULL, NULL, NULL, NULL, NULL, NULL, NULL, NULL, NULL, NULL, NULL, NULL, 686, 25, '4', NULL),
(NULL, NULL, NULL, NULL, NULL, NULL, NULL, NULL, NULL, NULL, NULL, NULL, 687, 25, '5', NULL),
(NULL, NULL, NULL, NULL, NULL, NULL, NULL, NULL, NULL, NULL, NULL, NULL, 688, 25, '6', NULL),
(NULL, NULL, NULL, NULL, NULL, NULL, NULL, NULL, NULL, NULL, NULL, NULL, 689, 25, '7', NULL),
(NULL, NULL, NULL, NULL, NULL, NULL, NULL, NULL, NULL, NULL, NULL, NULL, 690, 25, '8', NULL),
(NULL, NULL, NULL, NULL, NULL, NULL, NULL, NULL, NULL, NULL, NULL, NULL, 691, 25, '9', NULL),
(NULL, NULL, NULL, NULL, NULL, NULL, NULL, NULL, NULL, NULL, NULL, NULL, 692, 25, '10', NULL),
(NULL, NULL, NULL, NULL, NULL, NULL, NULL, NULL, NULL, NULL, NULL, NULL, 693, 25, '11', NULL),
(NULL, NULL, NULL, NULL, NULL, NULL, NULL, NULL, NULL, NULL, NULL, NULL, 694, 25, '12', NULL),
(NULL, NULL, NULL, NULL, NULL, NULL, NULL, NULL, NULL, NULL, NULL, NULL, 695, 25, '13', NULL),
(NULL, NULL, NULL, NULL, NULL, NULL, NULL, NULL, NULL, NULL, NULL, NULL, 696, 25, '14', NULL),
(NULL, NULL, NULL, NULL, NULL, NULL, NULL, NULL, NULL, NULL, NULL, NULL, 697, 25, '15', NULL),
(NULL, NULL, NULL, NULL, NULL, NULL, NULL, NULL, NULL, NULL, NULL, NULL, 698, 25, '16', NULL),
(NULL, NULL, NULL, NULL, NULL, NULL, NULL, NULL, NULL, NULL, NULL, NULL, 699, 25, '17', NULL),
(NULL, NULL, NULL, NULL, NULL, NULL, NULL, NULL, NULL, NULL, NULL, 'P', 700, 25, '18', '2024'),
(NULL, NULL, NULL, NULL, NULL, NULL, NULL, NULL, NULL, NULL, NULL, NULL, 701, 25, '19', NULL),
(NULL, NULL, NULL, NULL, NULL, NULL, NULL, NULL, NULL, NULL, NULL, NULL, 702, 25, '20', NULL),
(NULL, NULL, NULL, NULL, NULL, NULL, NULL, NULL, NULL, NULL, NULL, NULL, 703, 25, '21', NULL),
(NULL, NULL, NULL, NULL, NULL, NULL, NULL, NULL, NULL, NULL, NULL, NULL, 704, 25, '22', NULL),
(NULL, NULL, NULL, NULL, NULL, NULL, NULL, NULL, NULL, NULL, NULL, NULL, 705, 25, '23', NULL),
(NULL, NULL, NULL, NULL, NULL, NULL, NULL, NULL, NULL, NULL, NULL, NULL, 706, 25, '24', NULL),
(NULL, NULL, NULL, NULL, NULL, NULL, NULL, NULL, NULL, NULL, NULL, NULL, 707, 25, '25', NULL),
(NULL, NULL, NULL, NULL, NULL, NULL, NULL, NULL, NULL, NULL, NULL, NULL, 708, 25, '26', NULL),
(NULL, NULL, NULL, NULL, NULL, NULL, NULL, NULL, NULL, NULL, NULL, NULL, 709, 25, '27', NULL),
(NULL, NULL, NULL, NULL, NULL, NULL, NULL, NULL, NULL, NULL, NULL, NULL, 710, 25, '28', NULL),
(NULL, NULL, NULL, NULL, NULL, NULL, NULL, NULL, NULL, NULL, NULL, NULL, 711, 25, '29', NULL),
(NULL, NULL, NULL, NULL, NULL, NULL, NULL, NULL, NULL, NULL, NULL, NULL, 712, 25, '30', NULL),
(NULL, NULL, NULL, NULL, NULL, NULL, NULL, NULL, NULL, NULL, NULL, NULL, 713, 25, '31', NULL),
(NULL, NULL, NULL, NULL, NULL, NULL, NULL, NULL, NULL, NULL, NULL, NULL, 714, 26, '1', NULL),
(NULL, NULL, NULL, NULL, NULL, NULL, NULL, NULL, NULL, NULL, NULL, NULL, 715, 26, '2', NULL),
(NULL, NULL, NULL, NULL, NULL, NULL, NULL, NULL, NULL, NULL, NULL, NULL, 716, 26, '3', NULL),
(NULL, NULL, NULL, NULL, NULL, NULL, NULL, NULL, NULL, NULL, NULL, NULL, 717, 26, '4', NULL),
(NULL, NULL, NULL, NULL, NULL, NULL, NULL, NULL, NULL, NULL, NULL, NULL, 718, 26, '5', NULL),
(NULL, NULL, NULL, NULL, NULL, NULL, NULL, NULL, NULL, NULL, NULL, NULL, 719, 26, '6', NULL),
(NULL, NULL, NULL, NULL, NULL, NULL, NULL, NULL, NULL, NULL, NULL, NULL, 720, 26, '7', NULL),
(NULL, NULL, NULL, NULL, NULL, NULL, NULL, NULL, NULL, NULL, NULL, NULL, 721, 26, '8', NULL),
(NULL, NULL, NULL, NULL, NULL, NULL, NULL, NULL, NULL, NULL, NULL, NULL, 722, 26, '9', NULL),
(NULL, NULL, NULL, NULL, NULL, NULL, NULL, NULL, NULL, NULL, NULL, NULL, 723, 26, '10', NULL),
(NULL, NULL, NULL, NULL, NULL, NULL, NULL, NULL, 'P', NULL, NULL, NULL, 724, 26, '11', '2025'),
(NULL, NULL, NULL, NULL, NULL, NULL, NULL, NULL, NULL, NULL, NULL, NULL, 725, 26, '12', NULL),
(NULL, NULL, NULL, NULL, NULL, NULL, NULL, NULL, NULL, NULL, NULL, NULL, 726, 26, '13', NULL),
(NULL, NULL, NULL, NULL, NULL, NULL, NULL, NULL, NULL, NULL, NULL, NULL, 727, 26, '14', NULL),
(NULL, NULL, NULL, NULL, NULL, NULL, NULL, NULL, NULL, NULL, NULL, NULL, 728, 26, '15', NULL),
(NULL, NULL, NULL, NULL, NULL, NULL, NULL, NULL, NULL, NULL, NULL, NULL, 729, 26, '16', NULL),
(NULL, NULL, NULL, NULL, NULL, NULL, NULL, NULL, NULL, NULL, NULL, NULL, 730, 26, '17', NULL),
(NULL, NULL, NULL, NULL, NULL, NULL, NULL, NULL, NULL, NULL, NULL, NULL, 731, 26, '18', NULL),
(NULL, NULL, NULL, NULL, NULL, NULL, NULL, NULL, NULL, NULL, NULL, NULL, 732, 26, '19', NULL),
(NULL, NULL, NULL, NULL, NULL, NULL, NULL, NULL, NULL, NULL, NULL, NULL, 733, 26, '20', NULL),
(NULL, NULL, NULL, NULL, NULL, NULL, NULL, NULL, NULL, NULL, NULL, NULL, 734, 26, '21', NULL),
(NULL, NULL, NULL, NULL, NULL, NULL, NULL, NULL, NULL, NULL, NULL, NULL, 735, 26, '22', NULL),
(NULL, NULL, NULL, NULL, NULL, NULL, NULL, NULL, NULL, NULL, NULL, 'P', 736, 26, '23', '2024'),
(NULL, NULL, NULL, NULL, NULL, NULL, NULL, NULL, NULL, NULL, NULL, 'P', 737, 26, '24', '2024'),
(NULL, NULL, NULL, NULL, NULL, NULL, NULL, NULL, NULL, NULL, NULL, NULL, 738, 26, '25', NULL),
(NULL, NULL, NULL, NULL, NULL, NULL, NULL, NULL, NULL, NULL, NULL, NULL, 739, 26, '26', NULL),
(NULL, NULL, NULL, NULL, NULL, NULL, NULL, NULL, NULL, NULL, NULL, NULL, 740, 26, '27', NULL),
(NULL, NULL, NULL, NULL, NULL, NULL, NULL, NULL, NULL, NULL, NULL, NULL, 741, 26, '28', NULL),
(NULL, NULL, NULL, NULL, NULL, NULL, NULL, NULL, NULL, NULL, NULL, NULL, 742, 26, '29', NULL),
(NULL, NULL, NULL, NULL, NULL, NULL, NULL, NULL, NULL, NULL, NULL, NULL, 743, 26, '30', NULL),
(NULL, NULL, NULL, NULL, NULL, NULL, NULL, NULL, NULL, NULL, NULL, NULL, 744, 26, '31', NULL),
(NULL, NULL, NULL, NULL, NULL, NULL, NULL, NULL, NULL, NULL, NULL, NULL, 745, 27, '1', NULL),
(NULL, NULL, NULL, NULL, NULL, NULL, NULL, NULL, NULL, NULL, NULL, NULL, 746, 27, '2', NULL),
(NULL, NULL, NULL, NULL, NULL, NULL, NULL, NULL, NULL, NULL, NULL, NULL, 747, 27, '3', NULL),
(NULL, NULL, NULL, NULL, NULL, NULL, NULL, NULL, NULL, NULL, NULL, NULL, 748, 27, '4', NULL),
(NULL, NULL, NULL, NULL, NULL, NULL, NULL, NULL, NULL, NULL, NULL, NULL, 749, 27, '5', NULL),
(NULL, NULL, NULL, NULL, NULL, NULL, NULL, NULL, NULL, NULL, NULL, NULL, 750, 27, '6', NULL),
(NULL, NULL, NULL, NULL, NULL, NULL, NULL, NULL, NULL, NULL, NULL, NULL, 751, 27, '7', NULL),
(NULL, NULL, NULL, NULL, NULL, NULL, NULL, NULL, NULL, NULL, NULL, NULL, 752, 27, '8', NULL),
(NULL, NULL, NULL, NULL, NULL, NULL, NULL, NULL, NULL, NULL, NULL, NULL, 753, 27, '9', NULL),
(NULL, NULL, NULL, NULL, NULL, NULL, NULL, NULL, NULL, NULL, NULL, NULL, 754, 27, '10', NULL),
(NULL, NULL, NULL, NULL, NULL, NULL, NULL, NULL, NULL, NULL, NULL, NULL, 755, 27, '11', NULL),
(NULL, NULL, NULL, NULL, NULL, NULL, NULL, NULL, NULL, NULL, NULL, NULL, 756, 27, '12', NULL),
(NULL, NULL, NULL, NULL, NULL, NULL, NULL, NULL, NULL, NULL, NULL, NULL, 757, 27, '13', NULL),
(NULL, NULL, NULL, NULL, NULL, NULL, NULL, NULL, NULL, NULL, NULL, NULL, 758, 27, '14', NULL),
(NULL, NULL, NULL, NULL, NULL, NULL, NULL, NULL, NULL, NULL, NULL, NULL, 759, 27, '15', NULL),
(NULL, NULL, NULL, NULL, NULL, NULL, NULL, NULL, NULL, NULL, NULL, NULL, 760, 27, '16', NULL),
(NULL, NULL, NULL, NULL, NULL, NULL, NULL, NULL, NULL, NULL, NULL, NULL, 761, 27, '17', NULL),
(NULL, NULL, NULL, NULL, NULL, NULL, NULL, NULL, NULL, NULL, NULL, NULL, 762, 27, '18', NULL),
(NULL, NULL, NULL, NULL, NULL, NULL, NULL, NULL, NULL, NULL, NULL, NULL, 763, 27, '19', NULL),
(NULL, NULL, NULL, NULL, NULL, NULL, NULL, NULL, NULL, NULL, NULL, NULL, 764, 27, '20', NULL),
(NULL, NULL, NULL, NULL, NULL, NULL, NULL, NULL, NULL, NULL, NULL, NULL, 765, 27, '21', NULL),
(NULL, NULL, NULL, NULL, NULL, NULL, NULL, NULL, NULL, NULL, NULL, NULL, 766, 27, '22', NULL),
(NULL, NULL, NULL, NULL, NULL, NULL, NULL, NULL, NULL, NULL, NULL, NULL, 767, 27, '23', NULL),
(NULL, NULL, NULL, NULL, NULL, NULL, NULL, NULL, NULL, NULL, NULL, NULL, 768, 27, '24', NULL),
(NULL, NULL, NULL, NULL, NULL, NULL, NULL, NULL, NULL, NULL, NULL, NULL, 769, 27, '25', NULL),
(NULL, NULL, NULL, NULL, NULL, NULL, NULL, NULL, NULL, NULL, NULL, NULL, 770, 27, '26', NULL),
(NULL, NULL, NULL, NULL, NULL, NULL, NULL, NULL, NULL, NULL, NULL, NULL, 771, 27, '27', NULL),
(NULL, NULL, NULL, NULL, NULL, NULL, NULL, NULL, NULL, NULL, NULL, NULL, 772, 27, '28', NULL),
(NULL, NULL, NULL, NULL, NULL, NULL, NULL, NULL, NULL, NULL, NULL, NULL, 773, 27, '29', NULL),
(NULL, NULL, NULL, NULL, NULL, NULL, NULL, NULL, NULL, NULL, NULL, NULL, 774, 27, '30', NULL),
(NULL, NULL, NULL, NULL, NULL, NULL, NULL, NULL, NULL, NULL, NULL, NULL, 775, 27, '31', NULL),
(NULL, NULL, NULL, NULL, NULL, NULL, NULL, NULL, NULL, NULL, NULL, NULL, 776, 28, '1', NULL),
(NULL, NULL, NULL, NULL, NULL, NULL, NULL, NULL, NULL, NULL, NULL, NULL, 777, 28, '2', NULL),
(NULL, NULL, NULL, NULL, NULL, NULL, NULL, NULL, NULL, NULL, NULL, NULL, 778, 28, '3', NULL),
(NULL, NULL, NULL, NULL, NULL, NULL, NULL, NULL, NULL, NULL, NULL, NULL, 779, 28, '4', NULL),
(NULL, NULL, NULL, NULL, NULL, NULL, NULL, NULL, NULL, NULL, NULL, NULL, 780, 28, '5', NULL),
(NULL, NULL, NULL, NULL, NULL, NULL, NULL, NULL, NULL, NULL, NULL, NULL, 781, 28, '6', NULL),
(NULL, NULL, NULL, NULL, NULL, NULL, NULL, NULL, NULL, NULL, NULL, NULL, 782, 28, '7', NULL),
(NULL, NULL, NULL, NULL, NULL, NULL, NULL, NULL, NULL, NULL, NULL, NULL, 783, 28, '8', NULL),
(NULL, NULL, NULL, NULL, NULL, NULL, NULL, NULL, NULL, NULL, NULL, NULL, 784, 28, '9', NULL),
(NULL, NULL, NULL, NULL, NULL, NULL, NULL, NULL, NULL, NULL, NULL, NULL, 785, 28, '10', NULL),
(NULL, NULL, NULL, NULL, NULL, NULL, NULL, NULL, NULL, NULL, NULL, NULL, 786, 28, '11', NULL),
(NULL, NULL, NULL, NULL, NULL, NULL, NULL, NULL, NULL, NULL, NULL, NULL, 787, 28, '12', NULL),
(NULL, NULL, NULL, NULL, NULL, NULL, NULL, NULL, NULL, NULL, NULL, NULL, 788, 28, '13', NULL),
(NULL, NULL, NULL, NULL, NULL, NULL, NULL, NULL, NULL, NULL, NULL, NULL, 789, 28, '14', NULL),
(NULL, NULL, NULL, NULL, NULL, NULL, NULL, NULL, NULL, NULL, NULL, NULL, 790, 28, '15', NULL),
(NULL, NULL, NULL, NULL, NULL, NULL, NULL, NULL, NULL, NULL, NULL, NULL, 791, 28, '16', NULL),
(NULL, NULL, NULL, NULL, NULL, NULL, NULL, NULL, NULL, NULL, NULL, NULL, 792, 28, '17', NULL),
(NULL, NULL, NULL, NULL, NULL, NULL, NULL, NULL, NULL, NULL, NULL, 'P', 793, 28, '18', '2024'),
(NULL, NULL, NULL, NULL, NULL, NULL, NULL, NULL, NULL, NULL, NULL, NULL, 794, 28, '19', NULL),
(NULL, NULL, NULL, NULL, NULL, NULL, NULL, NULL, NULL, NULL, NULL, NULL, 795, 28, '20', NULL),
(NULL, NULL, NULL, NULL, NULL, NULL, NULL, NULL, NULL, NULL, NULL, NULL, 796, 28, '21', NULL),
(NULL, NULL, NULL, NULL, NULL, NULL, NULL, NULL, NULL, NULL, NULL, NULL, 797, 28, '22', NULL),
(NULL, NULL, NULL, NULL, NULL, NULL, NULL, NULL, NULL, NULL, NULL, 'P', 798, 28, '23', '2024'),
(NULL, NULL, NULL, NULL, NULL, NULL, NULL, NULL, NULL, NULL, NULL, NULL, 799, 28, '24', NULL),
(NULL, NULL, NULL, NULL, NULL, NULL, NULL, NULL, NULL, NULL, NULL, NULL, 800, 28, '25', NULL),
(NULL, NULL, NULL, NULL, NULL, NULL, NULL, NULL, NULL, NULL, NULL, NULL, 801, 28, '26', NULL),
(NULL, NULL, NULL, NULL, NULL, NULL, NULL, NULL, NULL, NULL, NULL, NULL, 802, 28, '27', NULL),
(NULL, NULL, NULL, NULL, NULL, NULL, NULL, NULL, NULL, NULL, NULL, NULL, 803, 28, '28', NULL),
(NULL, NULL, NULL, NULL, NULL, NULL, NULL, NULL, NULL, NULL, NULL, NULL, 804, 28, '29', NULL),
(NULL, NULL, NULL, NULL, NULL, NULL, NULL, NULL, NULL, NULL, NULL, NULL, 805, 28, '30', NULL),
(NULL, NULL, NULL, NULL, NULL, NULL, NULL, NULL, NULL, NULL, NULL, NULL, 806, 28, '31', NULL),
(NULL, NULL, NULL, NULL, NULL, NULL, NULL, NULL, NULL, NULL, NULL, NULL, 807, 29, '1', NULL),
(NULL, NULL, NULL, NULL, NULL, NULL, NULL, NULL, NULL, NULL, NULL, NULL, 808, 29, '2', NULL),
(NULL, NULL, NULL, NULL, NULL, NULL, NULL, NULL, NULL, NULL, NULL, NULL, 809, 29, '3', NULL),
(NULL, NULL, NULL, NULL, NULL, NULL, NULL, NULL, NULL, NULL, NULL, NULL, 810, 29, '4', NULL),
(NULL, NULL, NULL, NULL, NULL, NULL, NULL, NULL, NULL, NULL, NULL, NULL, 811, 29, '5', NULL),
(NULL, NULL, NULL, NULL, NULL, NULL, NULL, NULL, NULL, NULL, NULL, NULL, 812, 29, '6', NULL),
(NULL, NULL, NULL, NULL, NULL, NULL, NULL, NULL, NULL, NULL, NULL, NULL, 813, 29, '7', NULL),
(NULL, NULL, NULL, NULL, NULL, NULL, NULL, NULL, NULL, NULL, NULL, NULL, 814, 29, '8', NULL),
(NULL, NULL, NULL, NULL, NULL, NULL, NULL, NULL, NULL, NULL, NULL, NULL, 815, 29, '9', NULL),
(NULL, NULL, NULL, NULL, NULL, NULL, NULL, NULL, NULL, NULL, NULL, NULL, 816, 29, '10', NULL),
(NULL, NULL, NULL, NULL, NULL, NULL, NULL, NULL, NULL, NULL, NULL, NULL, 817, 29, '11', NULL),
(NULL, NULL, NULL, NULL, NULL, NULL, NULL, NULL, NULL, NULL, NULL, NULL, 818, 29, '12', NULL),
(NULL, NULL, NULL, NULL, NULL, NULL, NULL, NULL, NULL, NULL, NULL, NULL, 819, 29, '13', NULL),
(NULL, NULL, NULL, NULL, NULL, NULL, NULL, NULL, NULL, NULL, NULL, NULL, 820, 29, '14', NULL),
(NULL, NULL, NULL, NULL, NULL, NULL, NULL, NULL, NULL, NULL, NULL, NULL, 821, 29, '15', NULL),
(NULL, NULL, NULL, NULL, NULL, NULL, NULL, NULL, NULL, NULL, NULL, NULL, 822, 29, '16', NULL),
(NULL, NULL, NULL, NULL, NULL, NULL, NULL, NULL, NULL, NULL, NULL, NULL, 823, 29, '17', NULL),
(NULL, NULL, NULL, NULL, NULL, NULL, NULL, NULL, NULL, NULL, NULL, NULL, 824, 29, '18', NULL),
(NULL, NULL, NULL, NULL, NULL, NULL, NULL, NULL, NULL, NULL, NULL, NULL, 825, 29, '19', NULL),
(NULL, NULL, NULL, NULL, NULL, NULL, NULL, NULL, NULL, NULL, NULL, NULL, 826, 29, '20', NULL),
(NULL, NULL, NULL, NULL, NULL, NULL, NULL, NULL, NULL, NULL, NULL, NULL, 827, 29, '21', NULL),
(NULL, NULL, NULL, NULL, NULL, NULL, NULL, NULL, NULL, NULL, NULL, NULL, 828, 29, '22', NULL),
(NULL, NULL, NULL, NULL, NULL, NULL, 'P', NULL, NULL, NULL, NULL, 'P', 829, 29, '23', '2025'),
(NULL, NULL, NULL, NULL, NULL, NULL, NULL, NULL, NULL, NULL, NULL, NULL, 830, 29, '24', NULL),
(NULL, NULL, NULL, NULL, NULL, NULL, 'P', NULL, NULL, NULL, NULL, NULL, 831, 29, '25', '2025'),
(NULL, NULL, NULL, NULL, NULL, NULL, NULL, NULL, NULL, NULL, NULL, NULL, 832, 29, '26', NULL),
(NULL, NULL, NULL, NULL, NULL, NULL, NULL, NULL, NULL, NULL, NULL, 'P', 833, 29, '27', '2024'),
(NULL, NULL, NULL, NULL, NULL, NULL, NULL, NULL, NULL, NULL, NULL, NULL, 834, 29, '28', NULL),
(NULL, NULL, NULL, NULL, NULL, NULL, NULL, NULL, NULL, NULL, NULL, NULL, 835, 29, '29', NULL),
(NULL, NULL, NULL, NULL, NULL, NULL, NULL, NULL, NULL, NULL, NULL, NULL, 836, 29, '30', NULL),
(NULL, NULL, NULL, NULL, NULL, NULL, NULL, NULL, NULL, NULL, NULL, NULL, 837, 29, '31', NULL),
(NULL, NULL, NULL, NULL, NULL, NULL, NULL, NULL, NULL, NULL, NULL, NULL, 838, 30, '1', NULL),
(NULL, NULL, NULL, NULL, NULL, NULL, NULL, NULL, NULL, NULL, NULL, NULL, 839, 30, '2', NULL),
(NULL, NULL, NULL, NULL, NULL, NULL, NULL, NULL, NULL, NULL, NULL, NULL, 840, 30, '3', NULL),
(NULL, NULL, NULL, NULL, NULL, NULL, NULL, NULL, NULL, NULL, NULL, NULL, 841, 30, '4', NULL),
(NULL, NULL, NULL, NULL, NULL, NULL, NULL, NULL, NULL, NULL, NULL, NULL, 842, 30, '5', NULL),
(NULL, NULL, NULL, NULL, NULL, NULL, NULL, NULL, NULL, NULL, NULL, NULL, 843, 30, '6', NULL),
(NULL, NULL, NULL, NULL, NULL, NULL, NULL, NULL, NULL, NULL, NULL, NULL, 844, 30, '7', NULL),
(NULL, NULL, NULL, NULL, NULL, NULL, NULL, NULL, NULL, NULL, NULL, NULL, 845, 30, '8', NULL),
(NULL, NULL, NULL, NULL, NULL, NULL, NULL, NULL, NULL, NULL, NULL, NULL, 846, 30, '9', NULL),
(NULL, NULL, NULL, NULL, NULL, NULL, NULL, NULL, NULL, NULL, NULL, NULL, 847, 30, '10', NULL),
(NULL, NULL, NULL, NULL, NULL, NULL, NULL, NULL, NULL, NULL, NULL, NULL, 848, 30, '11', NULL),
(NULL, NULL, NULL, NULL, NULL, NULL, NULL, NULL, NULL, NULL, NULL, NULL, 849, 30, '12', NULL),
(NULL, NULL, NULL, NULL, NULL, NULL, NULL, NULL, NULL, NULL, NULL, NULL, 850, 30, '13', NULL),
(NULL, NULL, NULL, NULL, NULL, NULL, NULL, NULL, NULL, NULL, NULL, NULL, 851, 30, '14', NULL),
(NULL, NULL, NULL, NULL, NULL, NULL, NULL, NULL, NULL, NULL, NULL, NULL, 852, 30, '15', NULL),
(NULL, NULL, NULL, NULL, NULL, NULL, NULL, NULL, NULL, NULL, NULL, NULL, 853, 30, '16', NULL),
(NULL, NULL, NULL, NULL, NULL, NULL, NULL, NULL, NULL, NULL, NULL, NULL, 854, 30, '17', NULL),
(NULL, NULL, NULL, NULL, NULL, NULL, NULL, NULL, NULL, NULL, NULL, NULL, 855, 30, '18', NULL),
(NULL, NULL, NULL, NULL, NULL, NULL, NULL, NULL, NULL, NULL, NULL, NULL, 856, 30, '19', NULL),
(NULL, NULL, NULL, NULL, NULL, NULL, NULL, NULL, NULL, NULL, NULL, NULL, 857, 30, '20', NULL),
(NULL, NULL, NULL, NULL, NULL, NULL, NULL, NULL, NULL, NULL, NULL, NULL, 858, 30, '21', NULL),
(NULL, NULL, NULL, NULL, NULL, NULL, NULL, NULL, NULL, NULL, NULL, NULL, 859, 30, '22', NULL),
(NULL, NULL, NULL, NULL, NULL, NULL, NULL, NULL, NULL, NULL, NULL, 'P', 860, 30, '23', '2024'),
(NULL, NULL, NULL, NULL, NULL, NULL, NULL, NULL, NULL, NULL, NULL, 'P', 861, 30, '24', '2024'),
(NULL, NULL, NULL, NULL, NULL, NULL, NULL, NULL, NULL, NULL, NULL, NULL, 862, 30, '25', NULL),
(NULL, NULL, NULL, NULL, NULL, NULL, NULL, NULL, NULL, NULL, NULL, NULL, 863, 30, '26', NULL),
(NULL, NULL, NULL, NULL, NULL, NULL, NULL, NULL, NULL, NULL, NULL, 'P', 864, 30, '27', '2024'),
(NULL, NULL, NULL, NULL, NULL, NULL, NULL, NULL, NULL, NULL, NULL, 'P', 865, 30, '28', '2024'),
(NULL, NULL, NULL, NULL, NULL, NULL, NULL, NULL, NULL, NULL, NULL, NULL, 866, 30, '29', NULL),
(NULL, NULL, NULL, NULL, NULL, NULL, NULL, NULL, NULL, NULL, NULL, NULL, 867, 30, '30', NULL),
(NULL, NULL, NULL, NULL, NULL, NULL, NULL, NULL, NULL, NULL, NULL, NULL, 868, 30, '31', NULL),
(NULL, NULL, NULL, NULL, NULL, NULL, NULL, NULL, NULL, NULL, NULL, NULL, 869, 31, '1', NULL),
(NULL, NULL, NULL, NULL, NULL, NULL, NULL, NULL, NULL, NULL, NULL, NULL, 870, 31, '2', NULL),
(NULL, NULL, NULL, NULL, NULL, NULL, NULL, NULL, NULL, NULL, NULL, NULL, 871, 31, '3', NULL),
(NULL, NULL, NULL, NULL, NULL, NULL, NULL, NULL, NULL, NULL, NULL, NULL, 872, 31, '4', NULL),
(NULL, NULL, NULL, NULL, NULL, NULL, NULL, NULL, NULL, NULL, NULL, NULL, 873, 31, '5', NULL),
(NULL, NULL, NULL, NULL, NULL, NULL, NULL, NULL, NULL, NULL, NULL, NULL, 874, 31, '6', NULL),
(NULL, NULL, NULL, NULL, NULL, NULL, NULL, NULL, NULL, NULL, NULL, NULL, 875, 31, '7', NULL),
(NULL, NULL, NULL, NULL, NULL, NULL, NULL, NULL, NULL, NULL, NULL, NULL, 876, 31, '8', NULL),
(NULL, NULL, NULL, NULL, NULL, NULL, NULL, NULL, NULL, NULL, NULL, NULL, 877, 31, '9', NULL),
(NULL, NULL, NULL, NULL, NULL, NULL, NULL, NULL, NULL, NULL, NULL, NULL, 878, 31, '10', NULL),
(NULL, NULL, NULL, NULL, NULL, NULL, NULL, NULL, NULL, NULL, NULL, NULL, 879, 31, '11', NULL),
(NULL, NULL, NULL, NULL, NULL, NULL, NULL, NULL, NULL, NULL, NULL, NULL, 880, 31, '12', NULL),
(NULL, NULL, NULL, NULL, NULL, NULL, NULL, NULL, NULL, NULL, NULL, NULL, 881, 31, '13', NULL),
(NULL, NULL, NULL, NULL, NULL, NULL, NULL, NULL, NULL, NULL, NULL, NULL, 882, 31, '14', NULL),
(NULL, NULL, NULL, NULL, NULL, NULL, NULL, NULL, NULL, NULL, NULL, NULL, 883, 31, '15', NULL),
(NULL, NULL, NULL, NULL, NULL, NULL, NULL, NULL, NULL, NULL, NULL, NULL, 884, 31, '16', NULL),
(NULL, NULL, NULL, NULL, NULL, NULL, NULL, NULL, NULL, NULL, NULL, NULL, 885, 31, '17', NULL),
(NULL, NULL, NULL, NULL, NULL, NULL, NULL, NULL, NULL, NULL, NULL, NULL, 886, 31, '18', NULL),
(NULL, NULL, NULL, NULL, NULL, NULL, NULL, NULL, NULL, NULL, NULL, NULL, 887, 31, '19', NULL),
(NULL, NULL, NULL, NULL, NULL, NULL, NULL, NULL, NULL, NULL, NULL, NULL, 888, 31, '20', NULL),
(NULL, NULL, NULL, NULL, NULL, NULL, NULL, NULL, NULL, NULL, NULL, NULL, 889, 31, '21', NULL),
(NULL, NULL, NULL, NULL, NULL, NULL, NULL, NULL, NULL, NULL, NULL, NULL, 890, 31, '22', NULL),
(NULL, NULL, NULL, NULL, NULL, NULL, NULL, NULL, NULL, NULL, NULL, NULL, 891, 31, '23', NULL),
(NULL, NULL, NULL, NULL, NULL, NULL, NULL, NULL, NULL, NULL, NULL, NULL, 892, 31, '24', NULL),
(NULL, NULL, NULL, NULL, NULL, NULL, NULL, NULL, NULL, NULL, NULL, NULL, 893, 31, '25', NULL),
(NULL, NULL, NULL, NULL, NULL, NULL, NULL, NULL, NULL, NULL, NULL, NULL, 894, 31, '26', NULL),
(NULL, NULL, NULL, NULL, NULL, NULL, NULL, NULL, NULL, NULL, NULL, 'P', 895, 31, '27', '2024'),
(NULL, NULL, NULL, NULL, NULL, NULL, NULL, NULL, NULL, NULL, NULL, NULL, 896, 31, '28', NULL),
(NULL, NULL, NULL, NULL, NULL, NULL, NULL, NULL, NULL, NULL, NULL, NULL, 897, 31, '29', NULL),
(NULL, NULL, NULL, NULL, NULL, NULL, NULL, NULL, NULL, NULL, NULL, NULL, 898, 31, '30', NULL),
(NULL, NULL, NULL, NULL, NULL, NULL, NULL, NULL, NULL, NULL, NULL, NULL, 899, 31, '31', NULL);

-- --------------------------------------------------------

--
-- Table structure for table `employee`
--

CREATE TABLE `employee` (
  `em_id` int NOT NULL,
  `name` varchar(80) DEFAULT NULL,
  `email` varchar(80) DEFAULT NULL,
  `password` varchar(255) DEFAULT NULL,
  `number` varchar(15) CHARACTER SET utf8mb4 COLLATE utf8mb4_general_ci DEFAULT NULL,
  `lastLoginAt` datetime DEFAULT NULL,
  `lastLogoutAt` datetime DEFAULT NULL,
  `status` varchar(30) NOT NULL DEFAULT 'active',
  `job_role` varchar(500) DEFAULT NULL
) ENGINE=InnoDB DEFAULT CHARSET=utf8mb4 COLLATE=utf8mb4_0900_ai_ci;

--
-- Dumping data for table `employee`
--

INSERT INTO `employee` (`em_id`, `name`, `email`, `password`, `number`, `lastLoginAt`, `lastLogoutAt`, `status`, `job_role`) VALUES
(26, 'Kashmire Hazarika', 'kashmireehazarika43@gmail.com', 'b95ab2dcee3e5f987834e0eb3188ec3e73e4c065bbee645c222e1330535b382e', '6001086995', '2025-09-11 18:23:44', NULL, 'inactive', 'Asst. Engineer'),
(27, 'Deep Dutta Bora', 'trenditdigitialmarketing@gmail.com', '0637e9bce9a8adda3f0eb4be1ebb02cab0931e496da39c5fa2c407314d88e85d', '6003181050', NULL, NULL, 'inactive', 'Accountant'),
(28, 'Nibedita Bharali', 'nbb12898@gmail.com', '88a474440252fa07e5abf39bc99eaa8866480827a69c87f992c2eedffa27d7c0', '7896963006', '2024-12-23 12:21:14', NULL, 'active', 'Asst. Architect'),
(29, 'Joydeep Phukan', 'joydeepphukanisl@gmail.com', '773488072e3392afa5a724477e2171f195813a6a7e8a2167f291366e671d037b', '7002058375', '2025-07-25 13:15:11', NULL, 'active', 'Engineer Incharge'),
(30, 'Jishu Jugam Saikia', 'jishujugam01@gmail.com', '8ee23db6084d5f81dd98c90591819fa57d20ea640025b3a209812baf9a912c34', '8876270728', '2024-12-28 13:25:22', NULL, 'active', 'Senior Engineer'),
(31, 'Jyotisman Gayan', 'mail2jyotismangayan123@gmail.com', 'e26078c823065f8179c1597156ab40f14994da132cedc2de403dc14a4a0c2fcb', '7002476940', '2024-12-27 11:45:38', NULL, 'active', 'Principal Architect');

-- --------------------------------------------------------

--
-- Table structure for table `emp_task_notify`
--

CREATE TABLE `emp_task_notify` (
  `notid` bigint NOT NULL,
  `emid` int DEFAULT NULL,
  `title` varchar(255) DEFAULT NULL,
  `dateofnotify` varchar(50) DEFAULT '0',
  `status` varchar(20) DEFAULT 'unread'
) ENGINE=InnoDB DEFAULT CHARSET=utf8mb4 COLLATE=utf8mb4_0900_ai_ci;

--
-- Dumping data for table `emp_task_notify`
--

INSERT INTO `emp_task_notify` (`notid`, `emid`, `title`, `dateofnotify`, `status`) VALUES
(114, 21, 'You have been assigned to a new project with ref no. 228 on Mon Dec 23 2024 13:33:32 GMT+0530 (India Standard Time)', '20/02/2023', 'unread'),
(115, 29, 'You have been assigned to a new project with ref no. 228 on Mon Dec 23 2024 13:33:42 GMT+0530 (India Standard Time)', '20/02/2023', 'unread'),
(116, 20, 'You have been assigned to a new project with ref no. 228 on Mon Dec 23 2024 13:43:53 GMT+0530 (India Standard Time)', '20/02/2023', 'read'),
(117, 21, 'You have been removed from a project with ref no. 228 on Mon Dec 23 2024 13:43:59 GMT 0530 (India Standard Time)', '12/23/2024', 'unread'),
(118, 20, 'You have been removed from a project with ref no. 228 on Mon Dec 23 2024 13:44:34 GMT 0530 (India Standard Time)', '12/23/2024', 'read'),
(119, 21, 'You have been assigned to a new project with ref no. 228 on Mon Dec 23 2024 13:44:39 GMT+0530 (India Standard Time)', '20/02/2023', 'unread'),
(120, 23, 'You have been assigned to a new Miscallaneous project with ref no. 227 on Tue Dec 24 2024 14:08:34 GMT+0530 (India Standard Time)', '20/02/2023', 'read'),
(121, 26, 'You have been assigned to a new Miscallaneous project with ref no. NA on Tue Dec 24 2024 15:00:31 GMT+0530 (India Standard Time)', '20/02/2023', 'read'),
(122, 21, 'You have been assigned to a new project with ref no. 219 on Tue Dec 24 2024 15:05:37 GMT+0530 (India Standard Time)', '20/02/2023', 'unread'),
(123, 29, 'You have been assigned to a new project with ref no. 219 on Tue Dec 24 2024 15:06:04 GMT+0530 (India Standard Time)', '20/02/2023', 'unread'),
(124, 30, 'You have been assigned to a new project with ref no. 219 on Fri Jan 17 2025 21:30:40 GMT+0530 (India Standard Time)', '20/02/2023', 'unread'),
(125, 30, 'You have been removed from a project with ref no. 219 on Fri Jan 17 2025 21:30:54 GMT 0530 (India Standard Time)', '17/01/2025', 'unread'),
(126, 23, 'You have been assigned to a new project with ref no. 219 on Fri Jan 17 2025 22:07:04 GMT+0530 (India Standard Time)', '20/02/2023', 'unread'),
(127, 23, 'You have been removed from a project with ref no. 219 on Fri Jan 17 2025 22:07:42 GMT 0530 (India Standard Time)', '17/01/2025', 'unread'),
(128, 22, 'You have been assigned to a new project with ref no. \n                  219\n                 on Wed Jul 23 2025 11:42:54 GMT+0530 (India Standard Time)', '20/02/2023', 'unread'),
(129, 22, 'You have been removed from a project with ref no.                   219                 on Fri Jul 25 2025 14:16:00 GMT 0530 (India Standard Time)', '7/25/2025', 'unread'),
(130, 22, 'You have been assigned to a new project with ref no. \n                  219\n                 on Fri Jul 25 2025 14:16:06 GMT+0530 (India Standard Time)', '20/02/2023', 'unread'),
(131, 21, 'You have been assigned to a new Miscallaneous project with ref no. \n                  NA\n                 on Fri Jul 25 2025 14:22:22 GMT+0530 (India Standard Time)', '20/02/2023', 'unread'),
(132, 21, 'You have been removed from a Miscellaneous project with ref no.                   NA                 on Fri Jul 25 2025 14:22:30 GMT 0530 (India Standard Time)', '7/25/2025', 'unread'),
(133, 22, 'You have been removed from a project with ref no.                         219                       on Sat Aug 09 2025 16:58:07 GMT 0530 (India Standard Time)', '9/8/2025', 'unread'),
(134, 22, 'You have been removed from a project with ref no.                         219                       on Sat Aug 09 2025 16:58:11 GMT 0530 (India Standard Time)', '9/8/2025', 'unread'),
(135, 24, 'You have been assigned to a new Miscallaneous project with ref no. \n                  NA\n                 on Mon Aug 25 2025 11:21:07 GMT+0530 (India Standard Time)#24', '20/02/2023', 'unread'),
(136, 25, 'You have been assigned to a new Miscallaneous project with ref no. \n                  NA\n                 on Mon Aug 25 2025 11:21:07 GMT+0530 (India Standard Time)#25', '20/02/2023', 'unread'),
(137, 28, 'You have been assigned to a new Miscallaneous project with ref no. \n                  NV-154\n                 on Sun Sep 14 2025 18:11:49 GMT+0530 (India Standard Time)#28', '20/02/2023', 'unread'),
(138, 29, 'You have been assigned to a new Miscallaneous project with ref no. \n                  NV-154\n                 on Sun Sep 14 2025 18:11:49 GMT+0530 (India Standard Time)#29', '20/02/2023', 'unread'),
(139, 30, 'You have been assigned to a new Miscallaneous project with ref no. \n                  NV-154\n                 on Sun Sep 14 2025 18:11:49 GMT+0530 (India Standard Time)#30', '20/02/2023', 'unread');

-- --------------------------------------------------------

--
-- Table structure for table `expenses`
--

CREATE TABLE `expenses` (
  `id` int NOT NULL,
  `title` varchar(255) NOT NULL,
  `remark` varchar(355) DEFAULT NULL,
  `amount` int NOT NULL,
  `category` varchar(155) DEFAULT NULL,
  `date` varchar(20) NOT NULL,
  `md_type` varchar(10) NOT NULL
) ENGINE=InnoDB DEFAULT CHARSET=utf8mb4 COLLATE=utf8mb4_0900_ai_ci;

--
-- Dumping data for table `expenses`
--

INSERT INTO `expenses` (`id`, `title`, `remark`, `amount`, `category`, `date`, `md_type`) VALUES
(576, 'fuel', 'sadf asdf asdg', 1005, 'New Works', '12/07/2025', 'cash'),
(578, 'fuel', 'zdDF', 1500, 'New Works', '18/09/2025', 'cash');

-- --------------------------------------------------------

--
-- Table structure for table `expense_category`
--

CREATE TABLE `expense_category` (
  `id` int NOT NULL,
  `cat_name` varchar(155) NOT NULL,
  `cat_desc` varchar(255) NOT NULL
) ENGINE=InnoDB DEFAULT CHARSET=utf8mb4 COLLATE=utf8mb4_0900_ai_ci;

--
-- Dumping data for table `expense_category`
--

INSERT INTO `expense_category` (`id`, `cat_name`, `cat_desc`) VALUES
(2, 'Bike Fuel', 'name of the filled blanks'),
(4, 'New Works', '');

-- --------------------------------------------------------

--
-- Table structure for table `misc_project_employee`
--

CREATE TABLE `misc_project_employee` (
  `mpeid` int NOT NULL,
  `mdeal_id` int DEFAULT NULL,
  `mstask_id` int DEFAULT NULL,
  `mpemid` int DEFAULT NULL,
  `dateofassign` varchar(50) DEFAULT '0',
  `dateofremove` varchar(50) DEFAULT '0'
) ENGINE=InnoDB DEFAULT CHARSET=utf8mb4 COLLATE=utf8mb4_0900_ai_ci;

--
-- Dumping data for table `misc_project_employee`
--

INSERT INTO `misc_project_employee` (`mpeid`, `mdeal_id`, `mstask_id`, `mpemid`, `dateofassign`, `dateofremove`) VALUES
(17, 31, 22, 26, '20/02/2023', '0'),
(32, 32, 24, 28, '20/02/2023', '0'),
(33, 32, 24, 29, '20/02/2023', '0'),
(34, 32, 24, 30, '20/02/2023', '0');

-- --------------------------------------------------------

--
-- Table structure for table `misc_project_finance`
--

CREATE TABLE `misc_project_finance` (
  `mfid` int NOT NULL,
  `mdeal_id` int NOT NULL,
  `totalamount` int DEFAULT NULL,
  `task` int NOT NULL,
  `amount_got` int DEFAULT NULL,
  `dateofpay` varchar(80) DEFAULT '0',
  `modeofpay` varchar(50) DEFAULT NULL
) ENGINE=InnoDB DEFAULT CHARSET=utf8mb4 COLLATE=utf8mb4_0900_ai_ci;

--
-- Dumping data for table `misc_project_finance`
--

INSERT INTO `misc_project_finance` (`mfid`, `mdeal_id`, `totalamount`, `task`, `amount_got`, `dateofpay`, `modeofpay`) VALUES
(34, 31, NULL, 22, 1500, '18/09/2025', 'cash'),
(35, 30, NULL, 20, 1111, '14/09/2025', 'cash'),
(36, 31, NULL, 22, 5000, '14/09/2025', 'cash');

-- --------------------------------------------------------

--
-- Table structure for table `misc_project_subtask`
--

CREATE TABLE `misc_project_subtask` (
  `mpstid` int NOT NULL,
  `mdeal_id` int DEFAULT NULL,
  `mstask_id` int DEFAULT NULL,
  `mstask_status` varchar(50) DEFAULT 'not started',
  `dateofdeadline` varchar(50) DEFAULT '0',
  `dateofcomplete` varchar(50) DEFAULT '0'
) ENGINE=InnoDB DEFAULT CHARSET=utf8mb4 COLLATE=utf8mb4_0900_ai_ci;

--
-- Dumping data for table `misc_project_subtask`
--

INSERT INTO `misc_project_subtask` (`mpstid`, `mdeal_id`, `mstask_id`, `mstask_status`, `dateofdeadline`, `dateofcomplete`) VALUES
(30, 30, 20, 'completed', '30/09/2013', '28/03/2033'),
(31, 31, 22, 'completed', '30/09/2013', '28/03/2033'),
(32, 32, 24, 'completed', '30/09/2013', '28/03/2033');

-- --------------------------------------------------------

--
-- Table structure for table `mis_subtask`
--

CREATE TABLE `mis_subtask` (
  `msub_task_id` int NOT NULL,
  `msub_task_name` varchar(100) DEFAULT NULL
) ENGINE=InnoDB DEFAULT CHARSET=utf8mb4 COLLATE=utf8mb4_0900_ai_ci;

--
-- Dumping data for table `mis_subtask`
--

INSERT INTO `mis_subtask` (`msub_task_id`, `msub_task_name`) VALUES
(20, 'Interior2'),
(21, 'Estimate'),
(22, 'Permission'),
(23, 'Landscape'),
(24, 'Architetural'),
(25, 'Structural'),
(26, '3D Views');

-- --------------------------------------------------------

--
-- Table structure for table `normal_projects_finance`
--

CREATE TABLE `normal_projects_finance` (
  `fid` bigint NOT NULL,
  `ndeal_id` bigint NOT NULL,
  `totalamount` int DEFAULT NULL,
  `task` int DEFAULT NULL,
  `amount_got` int DEFAULT '0',
  `dateofpay` varchar(50) DEFAULT NULL,
  `modeofpay` varchar(15) DEFAULT NULL
) ENGINE=InnoDB DEFAULT CHARSET=utf8mb4 COLLATE=utf8mb4_0900_ai_ci;

--
-- Dumping data for table `normal_projects_finance`
--

INSERT INTO `normal_projects_finance` (`fid`, `ndeal_id`, `totalamount`, `task`, `amount_got`, `dateofpay`, `modeofpay`) VALUES
(875, 341, 18000, 1, 0, NULL, NULL),
(876, 341, 18000, 3, 0, NULL, NULL),
(877, 342, 25000, 1, 0, NULL, NULL),
(878, 342, 25000, 2, 0, NULL, NULL),
(879, 342, 25000, 3, 0, NULL, NULL),
(880, 343, 30000, 1, 0, NULL, NULL),
(881, 343, 30000, 2, 0, NULL, NULL),
(882, 343, 30000, 3, 0, NULL, NULL),
(883, 344, 30000, 1, 0, NULL, NULL),
(884, 344, 30000, 3, 0, NULL, NULL),
(885, 345, 30000, 1, 0, NULL, NULL),
(886, 345, 30000, 2, 0, NULL, NULL),
(887, 345, 30000, 3, 0, NULL, NULL),
(888, 346, 25000, 1, 0, NULL, NULL),
(889, 346, 25000, 2, 0, NULL, NULL),
(890, 346, 25000, 3, 0, NULL, NULL),
(894, 348, 41000, 1, 0, NULL, NULL),
(895, 348, 41000, 3, 0, NULL, NULL),
(896, 349, 30000, 1, 0, NULL, NULL),
(897, 349, 30000, 2, 0, NULL, NULL),
(898, 349, 30000, 3, 0, NULL, NULL),
(902, 351, 15000, 1, 0, NULL, NULL),
(903, 351, 15000, 2, 0, NULL, NULL),
(904, 351, NULL, 1, 7500, '19/09/2025', 'cash'),
(905, 351, NULL, 1, 7500, '12/7/25', 'cash'),
(907, 355, 56120, 1, 0, NULL, NULL),
(908, 355, 56120, 2, 0, NULL, NULL),
(909, 355, 56120, 3, 1500, '18/09/2025', 'cash'),
(911, 355, NULL, 1, 8000, '12/08/25', 'online'),
(912, 357, NULL, 1, 8000, '12/08/25', 'online'),
(913, 357, NULL, 1, 11, '14/09/2025', 'online'),
(914, 358, 15000, 1, 0, NULL, NULL),
(915, 358, 15000, 2, 0, NULL, NULL),
(916, 358, 15000, 3, 0, NULL, NULL),
(917, 358, NULL, 1, 1500, '18/09/2025', 'online'),
(918, 344, NULL, 1, 1500, '18/09/2025', 'cash'),
(919, 358, NULL, 3, 1500, '19/09/2025', 'online');

-- --------------------------------------------------------

--
-- Table structure for table `normal_project_cat`
--

CREATE TABLE `normal_project_cat` (
  `npcid` int NOT NULL,
  `ndeal_id` bigint DEFAULT NULL,
  `category_id` int DEFAULT NULL,
  `cat_status` varchar(50) DEFAULT 'pending',
  `project_status` varchar(60) DEFAULT 'pending',
  `dateofdeadline` varchar(80) DEFAULT '0',
  `dateofpostponed` varchar(80) DEFAULT '0',
  `dateofcomplete` varchar(50) DEFAULT '0'
) ENGINE=InnoDB DEFAULT CHARSET=utf8mb4 COLLATE=utf8mb4_0900_ai_ci;

--
-- Dumping data for table `normal_project_cat`
--

INSERT INTO `normal_project_cat` (`npcid`, `ndeal_id`, `category_id`, `cat_status`, `project_status`, `dateofdeadline`, `dateofpostponed`, `dateofcomplete`) VALUES
(891, 341, 1, 'pending', 'pending', 'not set yet', '0', '0'),
(892, 341, 3, 'pending', 'pending', 'not set yet', '0', '0'),
(893, 342, 1, 'pending', 'pending', 'not set yet', '0', '0'),
(894, 342, 2, 'pending', 'pending', 'not set yet', '0', '0'),
(895, 342, 3, 'pending', 'pending', 'not set yet', '0', '0'),
(896, 343, 1, 'pending', 'pending', 'not set yet', '0', '0'),
(897, 343, 2, 'pending', 'pending', 'not set yet', '0', '0'),
(898, 343, 3, 'pending', 'pending', 'not set yet', '0', '0'),
(899, 344, 1, 'pending', 'pending', 'not set yet', '0', '0'),
(900, 344, 3, 'pending', 'pending', 'not set yet', '0', '0'),
(901, 345, 1, 'pending', 'pending', 'not set yet', '0', '0'),
(902, 345, 2, 'pending', 'pending', 'not set yet', '0', '0'),
(903, 345, 3, 'pending', 'pending', 'not set yet', '0', '0'),
(904, 346, 1, 'pending', 'pending', 'not set yet', '0', '0'),
(905, 346, 2, 'pending', 'pending', 'not set yet', '0', '0'),
(906, 346, 3, 'pending', 'pending', 'not set yet', '0', '0'),
(910, 348, 1, 'On Progress', 'On Progress', 'not set yet', '0', '0'),
(911, 348, 3, 'pending', 'pending', 'not set yet', '0', '0'),
(912, 349, 1, 'pending', 'pending', 'not set yet', '0', '0'),
(913, 349, 2, 'pending', 'pending', 'not set yet', '0', '0'),
(914, 349, 3, 'pending', 'pending', 'not set yet', '0', '0'),
(918, 351, 1, 'On Progress', 'On Progress', '12/3/9', '0', '0'),
(919, 351, 2, 'completed', 'completed', 'not set yet', '0', '0'),
(920, 355, 1, 'pending', 'pending', 'not set yet', '0', '0'),
(921, 355, 2, 'pending', 'pending', 'not set yet', '0', '0'),
(922, 355, 3, 'pending', 'pending', 'not set yet', '0', '0'),
(926, 357, 1, 'completed', 'completed', 'not set yet', '0', '0'),
(927, 357, 2, 'completed', 'completed', 'not set yet', '0', '0'),
(928, 357, 3, 'On Progress', 'On Progress', 'not set yet', '0', '0'),
(929, 358, 1, 'pending', 'pending', 'not set yet', '0', '0'),
(930, 358, 2, 'pending', 'pending', 'not set yet', '0', '0'),
(931, 358, 3, 'pending', 'pending', 'not set yet', '0', '0');

-- --------------------------------------------------------

--
-- Table structure for table `normal_project_employee`
--

CREATE TABLE `normal_project_employee` (
  `npeid` int NOT NULL,
  `ndeal_id` bigint DEFAULT NULL,
  `category_id` int DEFAULT NULL,
  `emid` int DEFAULT NULL,
  `dateofassign` varchar(50) DEFAULT '0',
  `dateofremove` varchar(50) DEFAULT '0',
  `npcid` int DEFAULT NULL
) ENGINE=InnoDB DEFAULT CHARSET=utf8mb4 COLLATE=utf8mb4_0900_ai_ci;

--
-- Dumping data for table `normal_project_employee`
--

INSERT INTO `normal_project_employee` (`npeid`, `ndeal_id`, `category_id`, `emid`, `dateofassign`, `dateofremove`, `npcid`) VALUES
(68, 341, 3, 29, '20/02/2023', '0', 892),
(72, 348, 3, 29, '20/02/2023', '0', 911);

-- --------------------------------------------------------

--
-- Table structure for table `normal_project_subtask`
--

CREATE TABLE `normal_project_subtask` (
  `npstid` int NOT NULL,
  `ndeal_id` bigint DEFAULT NULL,
  `category_id` int DEFAULT NULL,
  `stask_id` int DEFAULT NULL,
  `stask_status` varchar(50) DEFAULT 'not started',
  `dateofcomplete` varchar(50) DEFAULT '0'
) ENGINE=InnoDB DEFAULT CHARSET=utf8mb4 COLLATE=utf8mb4_0900_ai_ci;

--
-- Dumping data for table `normal_project_subtask`
--

INSERT INTO `normal_project_subtask` (`npstid`, `ndeal_id`, `category_id`, `stask_id`, `stask_status`, `dateofcomplete`) VALUES
(52, 351, 1, 20, 'completed', '0'),
(53, 341, 1, 20, 'not  started', '0'),
(54, 341, 3, 20, 'not started', '0'),
(55, 351, 1, 20, 'not started', '0'),
(57, 357, 1, 20, 'not  started', '0');

-- --------------------------------------------------------

--
-- Table structure for table `payment_methods`
--

CREATE TABLE `payment_methods` (
  `id` int NOT NULL,
  `pm_title` varchar(155) NOT NULL,
  `pm_desc` varchar(255) NOT NULL,
  `type` varchar(55) DEFAULT NULL
) ENGINE=InnoDB DEFAULT CHARSET=utf8mb4 COLLATE=utf8mb4_0900_ai_ci;

--
-- Dumping data for table `payment_methods`
--

INSERT INTO `payment_methods` (`id`, `pm_title`, `pm_desc`, `type`) VALUES
(2, 'A/C:458550', '', NULL);

-- --------------------------------------------------------

--
-- Table structure for table `projects_category`
--

CREATE TABLE `projects_category` (
  `id` int NOT NULL,
  `cat_name` varchar(155) NOT NULL,
  `cat_desc` varchar(255) NOT NULL
) ENGINE=InnoDB DEFAULT CHARSET=utf8mb4 COLLATE=utf8mb4_0900_ai_ci;

--
-- Dumping data for table `projects_category`
--

INSERT INTO `projects_category` (`id`, `cat_name`, `cat_desc`) VALUES
(5, 'new', '');

-- --------------------------------------------------------

--
-- Table structure for table `single_deal`
--

CREATE TABLE `single_deal` (
  `sdid` int NOT NULL,
  `sdeal_name` varchar(200) DEFAULT NULL,
  `reference_no` varchar(20) DEFAULT NULL,
  `contact` varchar(20) DEFAULT NULL,
  `agreement_amount` int DEFAULT NULL,
  `work_name` varchar(300) DEFAULT NULL,
  `email` varchar(80) DEFAULT NULL,
  `city` varchar(50) DEFAULT NULL,
  `total_price` int DEFAULT NULL,
  `mp_deadline` varchar(30) DEFAULT NULL,
  `category` varchar(55) DEFAULT NULL
) ENGINE=InnoDB DEFAULT CHARSET=utf8mb4 COLLATE=utf8mb4_0900_ai_ci;

--
-- Dumping data for table `single_deal`
--

INSERT INTO `single_deal` (`sdid`, `sdeal_name`, `reference_no`, `contact`, `agreement_amount`, `work_name`, `email`, `city`, `total_price`, `mp_deadline`, `category`) VALUES
(30, 'Giri Kr. Bora', '227', 'NA', 0, 'Interior working Drawing + 3D ', 'NA', 'Laukhuwa Road, Green Land Nagaon ( Assam )', 45000, '13/12/2024', NULL),
(31, 'Pranab Das ', 'NA', 'NA', 0, 'Permission', 'NA', 'Pranab Das', 0, '23/12/2024', NULL),
(32, 'Mintu Sharma', 'NV-154', '9401069337', 1500, 'First floor of retail store', 'aditya01377@gmail.com', 'siwan', 15000, '14/09/2025', 'new');

-- --------------------------------------------------------

--
-- Table structure for table `subtask`
--

CREATE TABLE `subtask` (
  `sub_task_id` int NOT NULL,
  `task_id` int DEFAULT NULL,
  `sub_task_name` varchar(100) DEFAULT NULL
) ENGINE=InnoDB DEFAULT CHARSET=utf8mb4 COLLATE=utf8mb4_0900_ai_ci;

--
-- Dumping data for table `subtask`
--

INSERT INTO `subtask` (`sub_task_id`, `task_id`, `sub_task_name`) VALUES
(20, NULL, 'Exterior 3D');

-- --------------------------------------------------------

--
-- Table structure for table `task`
--

CREATE TABLE `task` (
  `task_id` int NOT NULL,
  `task_name` varchar(100) DEFAULT NULL
) ENGINE=InnoDB DEFAULT CHARSET=utf8mb4 COLLATE=utf8mb4_0900_ai_ci;

--
-- Dumping data for table `task`
--

INSERT INTO `task` (`task_id`, `task_name`) VALUES
(1, 'Architecture'),
(2, 'Structural'),
(3, 'Design');

--
-- Indexes for dumped tables
--

--
-- Indexes for table `adminauth`
--
ALTER TABLE `adminauth`
  ADD PRIMARY KEY (`adm_id`);

--
-- Indexes for table `amount_split`
--
ALTER TABLE `amount_split`
  ADD PRIMARY KEY (`cid`);

--
-- Indexes for table `deals`
--
ALTER TABLE `deals`
  ADD PRIMARY KEY (`id`);

--
-- Indexes for table `empattendance`
--
ALTER TABLE `empattendance`
  ADD PRIMARY KEY (`id`);

--
-- Indexes for table `employee`
--
ALTER TABLE `employee`
  ADD PRIMARY KEY (`em_id`);

--
-- Indexes for table `emp_task_notify`
--
ALTER TABLE `emp_task_notify`
  ADD PRIMARY KEY (`notid`),
  ADD UNIQUE KEY `title` (`title`),
  ADD KEY `emid` (`emid`);

--
-- Indexes for table `expenses`
--
ALTER TABLE `expenses`
  ADD PRIMARY KEY (`id`),
  ADD KEY `category` (`category`);

--
-- Indexes for table `expense_category`
--
ALTER TABLE `expense_category`
  ADD PRIMARY KEY (`id`);

--
-- Indexes for table `misc_project_employee`
--
ALTER TABLE `misc_project_employee`
  ADD PRIMARY KEY (`mpeid`),
  ADD UNIQUE KEY `mpnd` (`mdeal_id`,`mstask_id`,`mpemid`),
  ADD KEY `mdeal_id` (`mdeal_id`),
  ADD KEY `mstask_id` (`mstask_id`),
  ADD KEY `mpemid` (`mpemid`);

--
-- Indexes for table `misc_project_finance`
--
ALTER TABLE `misc_project_finance`
  ADD PRIMARY KEY (`mfid`),
  ADD KEY `mdeal_id` (`mdeal_id`),
  ADD KEY `task` (`task`);

--
-- Indexes for table `misc_project_subtask`
--
ALTER TABLE `misc_project_subtask`
  ADD PRIMARY KEY (`mpstid`),
  ADD KEY `mdeal_id` (`mdeal_id`),
  ADD KEY `mstask_id` (`mstask_id`);

--
-- Indexes for table `mis_subtask`
--
ALTER TABLE `mis_subtask`
  ADD PRIMARY KEY (`msub_task_id`);

--
-- Indexes for table `normal_projects_finance`
--
ALTER TABLE `normal_projects_finance`
  ADD PRIMARY KEY (`fid`),
  ADD KEY `ndeal_id` (`ndeal_id`),
  ADD KEY `task` (`task`);

--
-- Indexes for table `normal_project_cat`
--
ALTER TABLE `normal_project_cat`
  ADD PRIMARY KEY (`npcid`),
  ADD KEY `category_id` (`category_id`),
  ADD KEY `ndeal_id` (`ndeal_id`);

--
-- Indexes for table `normal_project_employee`
--
ALTER TABLE `normal_project_employee`
  ADD PRIMARY KEY (`npeid`),
  ADD UNIQUE KEY `node` (`ndeal_id`,`category_id`,`emid`),
  ADD KEY `ndeal_id` (`ndeal_id`),
  ADD KEY `category_id` (`category_id`),
  ADD KEY `emid` (`emid`);

--
-- Indexes for table `normal_project_subtask`
--
ALTER TABLE `normal_project_subtask`
  ADD PRIMARY KEY (`npstid`),
  ADD KEY `ndeal_id` (`ndeal_id`),
  ADD KEY `stask_id` (`stask_id`);

--
-- Indexes for table `payment_methods`
--
ALTER TABLE `payment_methods`
  ADD PRIMARY KEY (`id`);

--
-- Indexes for table `projects_category`
--
ALTER TABLE `projects_category`
  ADD PRIMARY KEY (`id`);

--
-- Indexes for table `single_deal`
--
ALTER TABLE `single_deal`
  ADD PRIMARY KEY (`sdid`);

--
-- Indexes for table `subtask`
--
ALTER TABLE `subtask`
  ADD PRIMARY KEY (`sub_task_id`),
  ADD KEY `task_id` (`task_id`);

--
-- Indexes for table `task`
--
ALTER TABLE `task`
  ADD PRIMARY KEY (`task_id`);

--
-- AUTO_INCREMENT for dumped tables
--

--
-- AUTO_INCREMENT for table `adminauth`
--
ALTER TABLE `adminauth`
  MODIFY `adm_id` int NOT NULL AUTO_INCREMENT, AUTO_INCREMENT=4;

--
-- AUTO_INCREMENT for table `amount_split`
--
ALTER TABLE `amount_split`
  MODIFY `cid` int NOT NULL AUTO_INCREMENT, AUTO_INCREMENT=26;

--
-- AUTO_INCREMENT for table `deals`
--
ALTER TABLE `deals`
  MODIFY `id` bigint NOT NULL AUTO_INCREMENT, AUTO_INCREMENT=359;

--
-- AUTO_INCREMENT for table `empattendance`
--
ALTER TABLE `empattendance`
  MODIFY `id` int NOT NULL AUTO_INCREMENT, AUTO_INCREMENT=900;

--
-- AUTO_INCREMENT for table `employee`
--
ALTER TABLE `employee`
  MODIFY `em_id` int NOT NULL AUTO_INCREMENT, AUTO_INCREMENT=32;

--
-- AUTO_INCREMENT for table `emp_task_notify`
--
ALTER TABLE `emp_task_notify`
  MODIFY `notid` bigint NOT NULL AUTO_INCREMENT, AUTO_INCREMENT=140;

--
-- AUTO_INCREMENT for table `expenses`
--
ALTER TABLE `expenses`
  MODIFY `id` int NOT NULL AUTO_INCREMENT, AUTO_INCREMENT=579;

--
-- AUTO_INCREMENT for table `expense_category`
--
ALTER TABLE `expense_category`
  MODIFY `id` int NOT NULL AUTO_INCREMENT, AUTO_INCREMENT=5;

--
-- AUTO_INCREMENT for table `misc_project_employee`
--
ALTER TABLE `misc_project_employee`
  MODIFY `mpeid` int NOT NULL AUTO_INCREMENT, AUTO_INCREMENT=35;

--
-- AUTO_INCREMENT for table `misc_project_finance`
--
ALTER TABLE `misc_project_finance`
  MODIFY `mfid` int NOT NULL AUTO_INCREMENT, AUTO_INCREMENT=39;

--
-- AUTO_INCREMENT for table `misc_project_subtask`
--
ALTER TABLE `misc_project_subtask`
  MODIFY `mpstid` int NOT NULL AUTO_INCREMENT, AUTO_INCREMENT=33;

--
-- AUTO_INCREMENT for table `mis_subtask`
--
ALTER TABLE `mis_subtask`
  MODIFY `msub_task_id` int NOT NULL AUTO_INCREMENT, AUTO_INCREMENT=30;

--
-- AUTO_INCREMENT for table `normal_projects_finance`
--
ALTER TABLE `normal_projects_finance`
  MODIFY `fid` bigint NOT NULL AUTO_INCREMENT, AUTO_INCREMENT=922;

--
-- AUTO_INCREMENT for table `normal_project_cat`
--
ALTER TABLE `normal_project_cat`
  MODIFY `npcid` int NOT NULL AUTO_INCREMENT, AUTO_INCREMENT=932;

--
-- AUTO_INCREMENT for table `normal_project_employee`
--
ALTER TABLE `normal_project_employee`
  MODIFY `npeid` int NOT NULL AUTO_INCREMENT, AUTO_INCREMENT=77;

--
-- AUTO_INCREMENT for table `normal_project_subtask`
--
ALTER TABLE `normal_project_subtask`
  MODIFY `npstid` int NOT NULL AUTO_INCREMENT, AUTO_INCREMENT=58;

--
-- AUTO_INCREMENT for table `payment_methods`
--
ALTER TABLE `payment_methods`
  MODIFY `id` int NOT NULL AUTO_INCREMENT, AUTO_INCREMENT=3;

--
-- AUTO_INCREMENT for table `projects_category`
--
ALTER TABLE `projects_category`
  MODIFY `id` int NOT NULL AUTO_INCREMENT, AUTO_INCREMENT=6;

--
-- AUTO_INCREMENT for table `single_deal`
--
ALTER TABLE `single_deal`
  MODIFY `sdid` int NOT NULL AUTO_INCREMENT, AUTO_INCREMENT=33;

--
-- AUTO_INCREMENT for table `subtask`
--
ALTER TABLE `subtask`
  MODIFY `sub_task_id` int NOT NULL AUTO_INCREMENT, AUTO_INCREMENT=22;

--
-- AUTO_INCREMENT for table `task`
--
ALTER TABLE `task`
  MODIFY `task_id` int NOT NULL AUTO_INCREMENT, AUTO_INCREMENT=4;

--
-- Constraints for dumped tables
--

--
-- Constraints for table `misc_project_employee`
--
ALTER TABLE `misc_project_employee`
  ADD CONSTRAINT `misc_project_employee_ibfk_1` FOREIGN KEY (`mdeal_id`) REFERENCES `single_deal` (`sdid`),
  ADD CONSTRAINT `misc_project_employee_ibfk_2` FOREIGN KEY (`mstask_id`) REFERENCES `mis_subtask` (`msub_task_id`),
  ADD CONSTRAINT `misc_project_employee_ibfk_3` FOREIGN KEY (`mpemid`) REFERENCES `employee` (`em_id`) ON DELETE CASCADE ON UPDATE CASCADE;

--
-- Constraints for table `misc_project_finance`
--
ALTER TABLE `misc_project_finance`
  ADD CONSTRAINT `misc_project_finance_ibfk_1` FOREIGN KEY (`mdeal_id`) REFERENCES `single_deal` (`sdid`),
  ADD CONSTRAINT `misc_project_finance_ibfk_2` FOREIGN KEY (`task`) REFERENCES `mis_subtask` (`msub_task_id`);

--
-- Constraints for table `misc_project_subtask`
--
ALTER TABLE `misc_project_subtask`
  ADD CONSTRAINT `misc_project_subtask_ibfk_1` FOREIGN KEY (`mdeal_id`) REFERENCES `single_deal` (`sdid`),
  ADD CONSTRAINT `misc_project_subtask_ibfk_2` FOREIGN KEY (`mstask_id`) REFERENCES `mis_subtask` (`msub_task_id`);

--
-- Constraints for table `normal_projects_finance`
--
ALTER TABLE `normal_projects_finance`
  ADD CONSTRAINT `normal_projects_finance_ibfk_1` FOREIGN KEY (`ndeal_id`) REFERENCES `deals` (`id`) ON DELETE CASCADE ON UPDATE CASCADE,
  ADD CONSTRAINT `normal_projects_finance_ibfk_2` FOREIGN KEY (`task`) REFERENCES `task` (`task_id`) ON DELETE CASCADE ON UPDATE CASCADE;

--
-- Constraints for table `normal_project_cat`
--
ALTER TABLE `normal_project_cat`
  ADD CONSTRAINT `normal_project_cat_ibfk_1` FOREIGN KEY (`category_id`) REFERENCES `task` (`task_id`) ON DELETE CASCADE ON UPDATE RESTRICT,
  ADD CONSTRAINT `normal_project_cat_ibfk_2` FOREIGN KEY (`ndeal_id`) REFERENCES `deals` (`id`) ON DELETE CASCADE ON UPDATE RESTRICT;

--
-- Constraints for table `normal_project_employee`
--
ALTER TABLE `normal_project_employee`
  ADD CONSTRAINT `normal_project_employee_ibfk_1` FOREIGN KEY (`ndeal_id`) REFERENCES `deals` (`id`) ON DELETE CASCADE ON UPDATE RESTRICT,
  ADD CONSTRAINT `normal_project_employee_ibfk_2` FOREIGN KEY (`category_id`) REFERENCES `task` (`task_id`) ON DELETE CASCADE ON UPDATE RESTRICT,
  ADD CONSTRAINT `normal_project_employee_ibfk_3` FOREIGN KEY (`emid`) REFERENCES `employee` (`em_id`) ON DELETE CASCADE ON UPDATE RESTRICT;

--
-- Constraints for table `normal_project_subtask`
--
ALTER TABLE `normal_project_subtask`
  ADD CONSTRAINT `normal_project_subtask_ibfk_1` FOREIGN KEY (`ndeal_id`) REFERENCES `deals` (`id`) ON DELETE CASCADE ON UPDATE RESTRICT,
  ADD CONSTRAINT `normal_project_subtask_ibfk_2` FOREIGN KEY (`stask_id`) REFERENCES `subtask` (`sub_task_id`) ON DELETE CASCADE ON UPDATE RESTRICT;

--
-- Constraints for table `subtask`
--
ALTER TABLE `subtask`
  ADD CONSTRAINT `subtask_ibfk_1` FOREIGN KEY (`task_id`) REFERENCES `task` (`task_id`);
COMMIT;

/*!40101 SET CHARACTER_SET_CLIENT=@OLD_CHARACTER_SET_CLIENT */;
/*!40101 SET CHARACTER_SET_RESULTS=@OLD_CHARACTER_SET_RESULTS */;
/*!40101 SET COLLATION_CONNECTION=@OLD_COLLATION_CONNECTION */;
